id,date,title,bv_off,page_off,start_t,end_t,band,genre,链接off,备注,bv_on,page_on,bv_n1,page_n1,bv_f1,page_f1,start_1,end_1
63,2020/09/30,needLe,BV1KiySYBEHn,1,00:00:51,00:01:31,ln,Leo/need演唱歌曲/原创歌曲,needLe,,,,,,,,,
64,2020/10/18,ステラ,BV1KiySYBEHn,2,00:01:05,00:02:02,ln,Leo/need演唱歌曲/原创歌曲,ステラ,,,,,,,,,
97,2021/01/10,霽れを待つ,BV1KizmBrEKG,4,00:00:55,00:01:39,ln,Leo/need演唱歌曲/原创歌曲,霽れを待つ,,,,,,,,,
132,2021/04/21,「1」,BV1KiySYBEHn,3,00:00:40,00:01:11,ln,Leo/need演唱歌曲/原创歌曲,「1」,,BV1Am4y1w71z,1,,,,,,
130,2021/07/07,フロムトーキョー,BV1ExWwz2ERj,2,00:00:26,00:01:04,ln,Leo/need演唱歌曲/原创歌曲,フロムトーキョー,,,,,,,,,
173,2021/09/10,流星のパルス,BV19v4y1d7Wg,2,00:01:05,00:01:54,ln,Leo/need演唱歌曲/原创歌曲,流星のパルス,,,,,,,,,
159,2021/11/18,STAGE OF SEKAI,BV1Srv6BJEm2,2,00:00:49,00:01:19,ln,Leo/need演唱歌曲/原创歌曲,STAGE OF SEKAI,,,,,,,,,
207,2022/02/18,Peaky Peaky,BV15FH4eLEMS,4,00:00:38,00:01:11,ln,Leo/need演唱歌曲/原创歌曲,Peaky Peaky,,,,,,,,,
196,2022/04/28,オーダーメイド,BV1kg6ZBAEfT,4,00:00:48,00:01:21,ln,Leo/need演唱歌曲/原创歌曲,オーダーメイド,,,,,,,,,
257,2022/07/21,てらてら,BV1KiySYBEHn,5,00:00:48,00:01:19,ln,Leo/need演唱歌曲/原创歌曲,てらてら,,,,,,,,,
236,2022/09/07,Voices,BV1xaXkYiEov,4,00:00:40,00:01:19,ln,Leo/need演唱歌曲/原创歌曲,Voices,,,,,,,,,
259,2022/11/18,the WALL,BV1H3ktYtE63,1,00:00:37,00:01:15,ln,Leo/need演唱歌曲/原创歌曲,the WALL,,,,,,,,,
310,2023/01/21,Flyway,BV1mXGnzDE8e,4,00:00:37,00:01:30,ln,Leo/need演唱歌曲/原创歌曲,Flyway,,,,,,,,,
351,2023/04/11,相生,BV1JtovBgE2S,1,00:01:00,00:01:42,ln,Leo/need演唱歌曲/原创歌曲,相生,,,,,,,,,
375,2023/07/21,星を繋ぐ,BV15kthzAENQ,2,00:00:33,00:01:20,ln,Leo/need演唱歌曲/原创歌曲,星を繋ぐ,,,,,,,,,
383,2023/10/29,purpose,BV14ditBLEsr,2,00:00:40,00:01:26,ln,Leo/need演唱歌曲/原创歌曲,purpose,,,,,,,,,
423,2024/02/18,レグルス,BV1Vt42187c1,1,00:00:28,00:01:21,ln,Leo/need演唱歌曲/原创歌曲,レグルス,,,,,,,,,
424,2024/03/01,インテグラル,BV1JtovBgE2S,2,00:00:59,00:01:37,ln,Leo/need演唱歌曲/原创歌曲,インテグラル,,,,,,,,,
442,2024/04/28,すれすれ,BV1XE421P7rJ,1,00:00:48,00:01:25,ln,Leo/need演唱歌曲/原创歌曲,すれすれ,,,,,,,,,
524,2024/09/20,それでも僕らは歌うことをやめない,BV1nSPjeEEzW,4,00:00:35,00:01:30,ln,Leo/need演唱歌曲/原创歌曲,それでも僕らは歌うことをやめない,,,,,,,,,
546,2024/10/31,その音が鳴るなら,BV1sLDQYHESy,5,00:00:35,00:01:39,ln,Leo/need演唱歌曲/原创歌曲,その音が鳴るなら,,,,,,,,,
574,2025/02/06,SToRY,BV1M3Z9YEEpV,2,00:00:49,00:01:24,ln,Leo/need演唱歌曲/原创歌曲,SToRY,,,,,,,,,
605,2025/03/30,Sympathy,BV1f6RzYnEJw,5,00:00:40,00:01:25,ln,Leo/need演唱歌曲/原创歌曲,Sympathy,,,,,,,,,
646,2025/07/15,透明なパレット,BV1aqgLzzERA,4,00:00:40,00:01:39,ln,Leo/need演唱歌曲/原创歌曲,透明なパレット,,,,,,,,,
570,2025/10/19,スター,BV12SsKz6EYX,5,00:00:50,00:01:37,ln,Leo/need演唱歌曲/原创歌曲,スター,,,,,,,,,
695,2025/11/30,花結び,BV12D22BoEff,4,00:00:25,00:01:18,ln,Leo/need演唱歌曲/原创歌曲,花結び,,,,,,,,,
642,2026/02/17,このまんまでいこう,BV1zvf6BoEbS,4,00:00:35,00:01:25,ln,Leo/need演唱歌曲/原创歌曲,このまんまでいこう,,,,,,,,,
57,2020/09/30,アイドル新鋭隊,BV1X71JYwEjb,2,00:00:55,00:01:44,mmj,MORE MORE JUMP!演唱歌曲/原创歌曲,アイドル新鋭隊,,,,,,,,,
99,2020/11/19,モア！ジャンプ！モア！,BV1dUBqBZEha,2,00:00:40,00:01:25,mmj,MORE MORE JUMP!演唱歌曲/原创歌曲,モア！ジャンプ！モア！,,,,,,,,,
89,2021/01/29,Color of Drops,BV1KiySYBEHn,10,00:00:55,00:01:39,mmj,MORE MORE JUMP!演唱歌曲/原创歌曲,Color of Drops,,,,,,,,,
112,2021/03/30,天使のクローバー,BV1qKQeYtEbn,2,00:00:30,00:01:19,mmj,MORE MORE JUMP!演唱歌曲/原创歌曲,天使のクローバー,,,,,,,,,
144,2021/05/21,アイノマテリアル,BV1YLDjYvEo4,7,00:01:08,00:02:05,mmj,MORE MORE JUMP!演唱歌曲/原创歌曲,アイノマテリアル,,,,,,,,,
140,2021/08/18,アイスドロップ,BV1rf1TY1EAy,4,00:01:02,00:01:44,mmj,MORE MORE JUMP!演唱歌曲/原创歌曲,アイスドロップ,,,,,,,,,
193,2021/12/10,ワールドワイドワンダー,BV1KdGazEEgy,2,00:00:29,00:01:19,mmj,MORE MORE JUMP!演唱歌曲/原创歌曲,ワールドワイドワンダー,,,,,,,,,
209,2022/03/11,メタモリボン,BV1KiySYBEHn,11,00:00:45,00:01:27,mmj,MORE MORE JUMP!演唱歌曲/原创歌曲,メタモリボン,,,,,,,,,
211,2022/05/08,イフ,BV1DuV6z1EiS,2,00:00:40,00:01:24,mmj,MORE MORE JUMP!演唱歌曲/原创歌曲,イフ,,,,,,,,,
264,2022/08/10,パラソルサイダー,BV1KiySYBEHn,12,00:00:45,00:01:22,mmj,MORE MORE JUMP!演唱歌曲/原创歌曲,パラソルサイダー,,,,,,,,,
252,2022/10/19,DREAM PLACE,BV1KiySYBEHn,13,00:01:03,00:01:45,mmj,MORE MORE JUMP!演唱歌曲/原创歌曲,DREAM PLACE,,,,,,,,,
295,2022/11/30,フロート・プランナー,BV1KiySYBEHn,14,00:01:03,00:01:55,mmj,MORE MORE JUMP!演唱歌曲/原创歌曲,フロート・プランナー,,,,,,,,,
287,2023/02/17,私は、私達は,BV1dTwMzqETA,2,00:00:30,00:01:19,mmj,MORE MORE JUMP!演唱歌曲/原创歌曲,私は、私達は,,BV1dTwMzqETA,1,,,,,,
308,2023/04/28,ももいろの鍵,BV1YkrDYrEYE,1,00:00:40,00:01:24,mmj,MORE MORE JUMP!演唱歌曲/原创歌曲,ももいろの鍵,,,,,,,,,
374,2023/06/20,チームメイト,BV1FmHxeWE2C,4,00:01:00,00:01:40,mmj,MORE MORE JUMP!演唱歌曲/原创歌曲,チームメイト,,,,,,,,,
429,2023/10/31,はぐ,BV1ew411T7eh,1,00:00:25,00:01:04,mmj,MORE MORE JUMP!演唱歌曲/原创歌曲,はぐ,,,,,,,,,
405,2024/01/15,MOTTO!!!,BV1KiySYBEHn,15,00:01:03,00:01:59,mmj,MORE MORE JUMP!演唱歌曲/原创歌曲,MOTTO!!!,,,,,,,,,
422,2024/02/27,JUMPIN’ OVER !,BV1KiySYBEHn,16,00:00:45,00:01:21,mmj,MORE MORE JUMP!演唱歌曲/原创歌曲,JUMPIN’ OVER !,,,,,,,,,
457,2024/06/18,Supernova,BV1JtovBgE2S,3,00:00:22,00:01:02,mmj,MORE MORE JUMP!演唱歌曲/原创歌曲,Supernova,,,,,,,,,
474,2024/08/07,キラー,BV1KiySYBEHn,17,00:00:34,00:01:06,mmj,MORE MORE JUMP!演唱歌曲/原创歌曲,キラー,,,,,,,,,
498,2024/12/19,はしる! とおく! とどく! ,BV1Hvk6Y8Eht,5,00:00:15,00:00:46,mmj,MORE MORE JUMP!演唱歌曲/原创歌曲,はしる! とおく! とどく! ,,,,,,,,,
575,2025/01/31,FUN!!,BV159XMYWECg,4,00:00:45,00:01:34,mmj,MORE MORE JUMP!演唱歌曲/原创歌曲,FUN!!,,,,,,,,,
582,2025/02/10,アンチユー,BV1LTALeNECj,5,00:00:12,00:00:52,mmj,MORE MORE JUMP!演唱歌曲/原创歌曲,アンチユー,,,,,,,,,
539,2025/05/29,イレヴンス,BV1rX7VzKEm1,2,00:00:26,00:01:17,mmj,MORE MORE JUMP!演唱歌曲/原创歌曲,イレヴンス,,,,,,,,,
635,2025/07/23,ありのままのストーリーを,BV1Gb8cz7EUK,4,00:00:36,00:01:34,mmj,MORE MORE JUMP!演唱歌曲/原创歌曲,ありのままのストーリーを,,,,,,,,,
659,2025/10/21,あなたの空が泣くのなら,BV1aWyWBcERt,3,00:01:00,00:01:48,mmj,MORE MORE JUMP!演唱歌曲/原创歌曲,あなたの空が泣くのなら,,,,,,,,,
610,2025/12/29,Polar Star,BV1wSvsBfE9X,3,00:00:21,00:01:29,mmj,MORE MORE JUMP!演唱歌曲/原创歌曲,Polar Star,,,,,,,,,
683,2026/03/10,カラフルファンデーション,BV1odwvzUE6h,5,00:00:45,00:01:29,mmj,MORE MORE JUMP!演唱歌曲/原创歌曲,カラフルファンデーション,,,,,,,,,
54,2020/09/30,Ready Steady,BV1FqBvBbEov,2,00:00:45,00:01:29,vbs,Vivid BAD SQUAD演唱歌曲/原创歌曲,Ready Steady,,,,,,,,,
55,2020/12/08,Forward,BV1KiySYBEHn,18,00:00:54,00:01:38,vbs,Vivid BAD SQUAD演唱歌曲/原创歌曲,Forward,,,,,,,,,
101,2021/01/31,RAD DOGS,BV13oqQBdEgQ,4,00:00:54,00:01:43,vbs,Vivid BAD SQUAD演唱歌曲/原创歌曲,RAD DOGS,,,,,,,,,
126,2021/05/08,シネマ,BV1KiySYBEHn,19,00:00:34,00:01:08,vbs,Vivid BAD SQUAD演唱歌曲/原创歌曲,シネマ,,,,,,,,,
156,2021/07/09,Beat Eater,BV1RDBqB4EXM,2,00:00:48,00:01:39,vbs,Vivid BAD SQUAD演唱歌曲/原创歌曲,Beat Eater,,,,,,,,,
180,2021/12/29,ミライ,BV1xwBFBiE3v,4,00:00:57,00:01:43,vbs,Vivid BAD SQUAD演唱歌曲/原创歌曲,ミライ,,,,,,,,,
182,2022/02/16,Flyer!,BV1fsv6BcE81,2,00:00:42,00:01:25,vbs,Vivid BAD SQUAD演唱歌曲/原创歌曲,Flyer!,,,,,,,,,
239,2022/05/20,月光,BV1ixBiBREZu,2,00:00:32,00:01:15,vbs,Vivid BAD SQUAD演唱歌曲/原创歌曲,月光,,,,,,,,,
244,2022/05/31,Awake Now,BV1mEByBaEtj,4,00:00:48,00:01:35,vbs,Vivid BAD SQUAD演唱歌曲/原创歌曲,Awake Now,,,,,,,,,
217,2022/07/19,街,BV1fVtFzDEcm,2,00:00:40,00:01:35,vbs,Vivid BAD SQUAD演唱歌曲/原创歌曲,街,,,,,,,,,
280,2022/09/20,虚ろを扇ぐ,BV1KiySYBEHn,20,00:00:34,00:01:22,vbs,Vivid BAD SQUAD演唱歌曲/原创歌曲,虚ろを扇ぐ,,,,,,,,,
267,2022/12/19,仮死化,BV145HPeiEu8,3,00:01:07,00:02:05,vbs,Vivid BAD SQUAD演唱歌曲/原创歌曲,仮死化,,,,,,,,,
316,2023/02/19,ひつじがいっぴき,BV1F4xQeqEYn,1,00:00:42,00:01:25,vbs,Vivid BAD SQUAD演唱歌曲/原创歌曲,ひつじがいっぴき,,,,,,,,,
373,2023/06/10,下剋上,BV1A1CaYyErY,1,00:00:22,00:01:07,vbs,Vivid BAD SQUAD演唱歌曲/原创歌曲,下剋上,,,,,,,,,
356,2023/08/19,リアライズ,BV1kQmUBZESP,2,00:00:32,00:01:20,vbs,Vivid BAD SQUAD演唱歌曲/原创歌曲,リアライズ,,,,,,,,,
421,2023/10/12,CR詠ZY,BV17mvrBNEoA,2,00:00:45,00:01:27,vbs,Vivid BAD SQUAD演唱歌曲/原创歌曲,CR詠ZY,,,,,,,,,
398,2023/12/08,Beyond the way,BV17Sm9BvEMP,1,00:00:45,00:01:36,vbs,Vivid BAD SQUAD演唱歌曲/原创歌曲,Beyond the way,,,,,,,,,
404,2024/03/28,blender,BV18jJLzxE5F,2,00:01:07,00:01:52,vbs,Vivid BAD SQUAD演唱歌曲/原创歌曲,blender,,,,,,,,,
497,2024/04/30,烈火,BV1arLzzQEar,2,00:00:20,00:01:09,vbs,Vivid BAD SQUAD演唱歌曲/原创歌曲,烈火,,,,,,,,,
471,2024/07/07,ULTRA C,BV1KiySYBEHn,23,00:00:34,00:01:33,vbs,Vivid BAD SQUAD演唱歌曲/原创歌曲,ULTRA C,,,,,,,,,
478,2024/10/29,フューエル,BV11vSGY3Ep5,4,00:00:36,00:01:24,vbs,Vivid BAD SQUAD演唱歌曲/原创歌曲,フューエル,,,,,,,,,
508,2025/01/19,ヘイヴン,BV1AcwseTErt,4,00:00:45,00:01:24,vbs,Vivid BAD SQUAD演唱歌曲/原创歌曲,ヘイヴン,,,,,,,,,
576,2025/01/25,ファイアダンス,BV1TaQfYmEvx,4,00:00:45,00:01:25,vbs,Vivid BAD SQUAD演唱歌曲/原创歌曲,ファイアダンス,,,,,,,,,
634,2025/05/31,光線歌,BV1j9TCzDE2j,4,00:00:45,00:01:25,vbs,Vivid BAD SQUAD演唱歌曲/原创歌曲,光線歌,,,,,,,,,
583,2025/08/06,アクセラレイト,BV1bptAzGEAC,5,00:00:46,00:01:27,vbs,Vivid BAD SQUAD演唱歌曲/原创歌曲,アクセラレイト,,,,,,,,,
684,2025/11/20,ファイター,BV11hSnBxEvg,3,00:00:43,00:01:36,vbs,Vivid BAD SQUAD演唱歌曲/原创歌曲,ファイター,,,,,,,,,
716,2026/01/21,透過する温度,BV1Gww1ziEBw,3,00:00:35,00:01:23,vbs,Vivid BAD SQUAD演唱歌曲/原创歌曲,透過する温度,,,,,,,,,
679,2026/4/16,CRASH THE PARTY,BV1pGdeBBEtj,4,00:01:12,00:01:49,vbs,Vivid BAD SQUAD演唱歌曲/原创歌曲,CRASH THE PARTY,,,,,,,,,
51,2020/09/30,セカイはまだ始まってすらいない,BV1qHE9zkETZ,6,00:00:45,00:01:37,ws,Wonderlands×Showtime演唱歌曲/原创歌曲,セカイはまだ始まってすらいない,,,,,,,,,
52,2020/11/07,potatoになっていく,BV1FQ4y1M7qN,2,00:00:32,00:01:24,ws,Wonderlands×Showtime演唱歌曲/原创歌曲,potatoになっていく,,,,,,,,,
103,2020/12/20,ニジイロストーリーズ,BV1xQHeeQEHT,4,00:00:50,00:01:24,ws,Wonderlands×Showtime演唱歌曲/原创歌曲,ニジイロストーリーズ,,,,,,,,,
105,2021/02/28,ワンスアポンアドリーム,BV1iKPgeWEoQ,2,00:00:43,00:01:35,ws,Wonderlands×Showtime演唱歌曲/原创歌曲,ワンスアポンアドリーム,,,,,,,,,
127,2021/06/19,トンデモワンダーズ,BV1pG4y1R7Z8,35,00:00:10,00:00:58,ws,Wonderlands×Showtime演唱歌曲/原创歌曲,トンデモワンダーズ,,,,,,,,,
166,2021/08/20,Glory Steady Go!,BV1uXW4zKE4f,5,00:00:45,00:01:37,ws,Wonderlands×Showtime演唱歌曲/原创歌曲,Glory Steady Go!,,,,,,,,,
160,2021/10/29,ショウタイム·ルーラー,BV1MDvKzKEgV,2,00:00:44,00:01:43,ws,Wonderlands×Showtime演唱歌曲/原创歌曲,ショウタイム·ルーラー,,,,,,,,,
178,2022/01/19,にっこり^^調査隊のテーマ,BV1c5KazREqd,3,00:00:46,00:01:32,ws,Wonderlands×Showtime演唱歌曲/原创歌曲,にっこり^^調査隊のテーマ,,,,,,,,,
224,2022/04/11,88☆彡,BV1imRTYxEH7,2,00:00:03,00:00:58,ws,Wonderlands×Showtime演唱歌曲/原创歌曲,88☆彡,,,,,,,,,
212,2022/06/28,星空のメロディー,BV13nrZBJESu,2,00:00:43,00:01:37,ws,Wonderlands×Showtime演唱歌曲/原创歌曲,星空のメロディー,,,,,,,,,
282,2023/01/19,星空オーケストラ,BV1jb9iYMErm,2,00:00:17,00:00:50,ws,Wonderlands×Showtime演唱歌曲/原创歌曲,星空オーケストラ,,,,,,,,,
333,2023/03/11,Mr. Showtime,BV1KiySYBEHn,28,00:00:48,00:01:19,ws,Wonderlands×Showtime演唱歌曲/原创歌曲,Mr. Showtime,,,,,,,,,
324,2023/05/29,箱庭のコラル,BV1PCqAB3EHd,2,00:00:45,00:01:30,ws,Wonderlands×Showtime演唱歌曲/原创歌曲,箱庭のコラル,,,,,,,,,
386,2023/08/21,キラピピ★キラピカ,BV1aKUuY6EeF,2,00:00:50,00:01:33,ws,Wonderlands×Showtime演唱歌曲/原创歌曲,キラピピ★キラピカ,,,,,,,,,
397,2023/11/28,フィラメントフィーバー,BV1acfmBPEwp,2,00:00:46,00:01:32,ws,Wonderlands×Showtime演唱歌曲/原创歌曲,フィラメントフィーバー,,,,,,,,,
452,2024/01/23,サイバーパンクデッドボーイ,BV1byt4zLEu2,2,00:00:42,00:01:31,ws,Wonderlands×Showtime演唱歌曲/原创歌曲,サイバーパンクデッドボーイ,,,,,,,,,
411,2024/02/09,世界を照らすテトラッド,BV1bsmrY9E3C,2,00:00:45,00:01:32,ws,Wonderlands×Showtime演唱歌曲/原创歌曲,世界を照らすテトラッド,,,,,,,,,
450,2024/05/29,オペラ！スペースオペラ！,BV1biQ6YwELi,2,00:00:38,00:01:27,ws,Wonderlands×Showtime演唱歌曲/原创歌曲,オペラ！スペースオペラ！,,,,,,,,,
472,2024/07/15,成敗いたAAAAAす！,BV1rmFpzUEDu,2,00:00:41,00:01:28,ws,Wonderlands×Showtime演唱歌曲/原创歌曲,成敗いたAAAAAす！,,BV1rmFpzUEDu,1,,,,,,
548,2024/11/20,ぼくのかみさま,BV1H9UyYxEN9,4,00:00:20,00:00:55,ws,Wonderlands×Showtime演唱歌曲/原创歌曲,ぼくのかみさま,,BV1H9UyYxEN9,3,,,,,,
577,2025/02/03,スマイル*シンフォニー,BV1RqNhe2Ejv,6,00:00:45,00:01:32,ws,Wonderlands×Showtime演唱歌曲/原创歌曲,スマイル*シンフォニー,,,,,,,,,
538,2025/04/28,オールセーブチャレンジ,BV1JxLDzaEYS,5,00:00:40,00:01:22,ws,Wonderlands×Showtime演唱歌曲/原创歌曲,オールセーブチャレンジ,,,,,,,,,
560,2025/07/13,アイリッド,BV1FDuAzEE3m,5,00:00:28,00:01:02,ws,Wonderlands×Showtime演唱歌曲/原创歌曲,アイリッド,,,,,,,,,
649,2025/08/30,サヨナラ天国また来て地獄,BV18oaUznEHU,4,00:00:31,00:01:12,ws,Wonderlands×Showtime演唱歌曲/原创歌曲,サヨナラ天国また来て地獄,,,,,,,,,
600,2025/11/17,征け,BV1XfCBBBEhC,6,00:00:54,00:01:33,ws,Wonderlands×Showtime演唱歌曲/原创歌曲,征け,,,,,,,,,
660,2026/02/19,とびだせ！わんだぴょい,BV1cbAkzLEnF,4,00:00:38,00:01:26,ws,Wonderlands×Showtime演唱歌曲/原创歌曲,とびだせ！わんだぴょい,,,,,,,,,
735,2026/03/30,傀儡のうつつ,BV1HiDiBwEdg,4,00:00:55,00:01:41,ws,Wonderlands×Showtime演唱歌曲/原创歌曲,傀儡のうつつ,,,,,,,,,
60,2020/09/30,悔やむと書いてミライ,BV1KiySYBEHn,30,00:00:48,00:01:26,25,25点，Nightcord见。演唱歌曲/原创歌曲,悔やむと書いてミライ,,,,,,,,,
61,2020/10/15,携帯恋話,BV1KiySYBEHn,31,00:00:55,00:01:40,25,25点，Nightcord见。演唱歌曲/原创歌曲,携帯恋話,,,,,,,,,
62,2020/10/20,ジャックポットサッドガール,BV1e7HqekEyZ,2,00:00:25,00:01:03,25,25点，Nightcord见。演唱歌曲/原创歌曲,ジャックポットサッドガール,,,,,,,,,
90,2021/02/26,限りなく灰色へ,BV1ui4y1K7sX,1,00:00:55,00:01:42,25,25点，Nightcord见。演唱歌曲/原创歌曲,限りなく灰色へ,,,,,,,,,
116,2021/04/19,アイディスマイル,BV188411x7zx,1,00:00:21,00:01:06,25,25点，Nightcord见。演唱歌曲/原创歌曲,アイディスマイル,,,,,,,,,
149,2021/06/21,カナデトモスソラ,BV1ZqByBJERn,4,00:00:37,00:01:31,25,25点，Nightcord见。演唱歌曲/原创歌曲,カナデトモスソラ,,,,,,,,,
142,2021/09/29,再生,BV1KiySYBEHn,32,00:00:50,00:01:36,25,25点，Nightcord见。演唱歌曲/原创歌曲,再生,,,,,,,,,
187,2021/10/31,ロウワー,BV1KiySYBEHn,33,00:00:53,00:01:36,25,25点，Nightcord见。演唱歌曲/原创歌曲,ロウワー,,,,,,,,,
203,2022/01/21,トリコロージュ,BV1KiySYBEHn,34,00:00:58,00:01:50,25,25点，Nightcord见。演唱歌曲/原创歌曲,トリコロージュ,,,,,,,,,
189,2022/03/28,ノマド,BV1YdqkBvEas,4,00:00:48,00:01:27,25,25点，Nightcord见。演唱歌曲/原创歌曲,ノマド,,,,,,,,,
248,2022/06/10,バグ,BV1pG4y1R7Z8,36,00:00:28,00:01:09,25,25点，Nightcord见。演唱歌曲/原创歌曲,バグ,,,,,,,,,
237,2022/08/29,君の夜をくれ,BV1KiySYBEHn,37,00:01:05,00:01:55,25,25点，Nightcord见。演唱歌曲/原创歌曲,君の夜をくれ,,,,,,,,,
304,2022/11/20,Iなんです,BV16P4y1e7JC,2,00:00:32,00:01:02,25,25点，Nightcord见。演唱歌曲/原创歌曲,Iなんです,,,,,,,,,
300,2023/03/28,ザムザ,BV1NCvZepE8c,1,00:00:42,00:01:36,25,25点，Nightcord见。演唱歌曲/原创歌曲,ザムザ,,,,,,,,,
353,2023/04/30,キティ,BV1HTkZYkEcF,1,00:00:50,00:01:39,25,25点，Nightcord见。演唱歌曲/原创歌曲,キティ,,,,,,,,,
345,2023/07/19,演劇,BV1KiySYBEHn,39,00:01:00,00:01:53,25,25点，Nightcord见。演唱歌曲/原创歌曲,演劇,,,,,,,,,
384,2023/11/01,トワイライトライト,BV1AH4y167E7,1,00:00:30,00:01:17,25,25点，Nightcord见。演唱歌曲/原创歌曲,トワイライトライト,,,,,,,,,
409,2023/12/29,25時の情熱,BV1LwzDBaEGt,2,00:00:52,00:01:47,25,25点，Nightcord见。演唱歌曲/原创歌曲,25時の情熱,,,,,,,,,
492,2024/04/10,私は雨,BV1s142197Uh,1,00:00:38,00:01:24,25,25点，Nightcord见。演唱歌曲/原创歌曲,私は雨,,,,,,,,,
507,2024/06/20,エンパープル,BV1Z1421r7dE,1,00:00:33,00:01:05,25,25点，Nightcord见。演唱歌曲/原创歌曲,エンパープル,,,,,,,,,
549,2024/10/12,化けの花,BV1vCmZY2ET9,2,00:00:15,00:00:57,25,25点，Nightcord见。演唱歌曲/原创歌曲,化けの花,,,,,,,,,
500,2024/12/09,余花にみとれて,BV1zXqPYCEha,4,00:01:00,00:01:53,25,25点，Nightcord见。演唱歌曲/原创歌曲,余花にみとれて,,,,,,,,,
564,2025/01/28,そこに在る、光。,BV1nsXuYAEWu,4,00:00:35,00:01:34,25,25点，Nightcord见。演唱歌曲/原创歌曲,そこに在る、光。,,,,,,,,,
596,2025/03/20,D/N/A,BV1uQXeYDEvY,7,00:00:35,00:01:36,25,25点，Nightcord见。演唱歌曲/原创歌曲,D/N/A,,,,,,,,,
540,2025/05/06,虚無さん,BV1byVsziErq,5,00:00:25,00:01:10,25,25点，Nightcord见。演唱歌曲/原创歌曲,虚無さん,,,,,,,,,
572,2025/08/28,飾って,BV1YchSz9Ei9,4,00:01:00,00:01:53,25,25点，Nightcord见。演唱歌曲/原创歌曲,飾って,,,,,,,,,
597,2025/11/08,その絵の名前は,BV1v619B9Ejf,2,00:00:45,00:01:36,25,25点，Nightcord见。演唱歌曲/原创歌曲,その絵の名前は,,,,,,,,,
630,2026/01/19,幸福刑,BV1EbkgBaE37,5,00:00:25,00:01:26,25,25点，Nightcord见。演唱歌曲/原创歌曲,幸福刑,,,,,,,,,
662,2026/03/28,告白,BV1JnXLBzEFo,4,00:00:12,00:01:08,25,25点，Nightcord见。演唱歌曲/原创歌曲,告白,,,,,,,,,
82,2020/09/30,alive,BV1utDTYvEcC,2,00:00:45,00:01:36,v,世界计划虚拟歌手演唱歌曲/原创歌曲,alive,,BV1utDTYvEcC,1,,,,,,
128,2021/02/22,Brand New Day,BV16jDVYTEap,2,00:00:47,00:01:33,v,世界计划虚拟歌手演唱歌曲/原创歌曲,Brand New Day,,BV16jDVYTEap,1,,,,,,
137,2021/04/26,花を唄う,BV1iq4y177wf,1,00:00:38,00:01:24,v,世界计划虚拟歌手演唱歌曲/原创歌曲,花を唄う,,,,,,,,,
151,2021/06/14,泡沫未来,BV1TyDLYdEis,2,00:00:40,00:01:20,v,世界计划虚拟歌手演唱歌曲/原创歌曲,泡沫未来,,BV1TyDLYdEis,1,,,,,,
165,2021/08/06,そうだった！！,BV1xSUxYLEfM,2,00:00:30,00:01:10,v,世界计划虚拟歌手演唱歌曲/原创歌曲,そうだった！！,,BV1xSUxYLEfM,1,,,,,,
161,2021/09/01,magic number,BV1XdUsYHEiT,2,00:00:40,00:01:20,v,世界计划虚拟歌手演唱歌曲/原创歌曲,magic number,,BV1XdUsYHEiT,1,,,,,,
176,2021/10/03,マシンガンポエムドール,BV1dCidYmErZ,2,00:01:00,00:01:38,v,世界计划虚拟歌手演唱歌曲/原创歌曲,マシンガンポエムドール,,BV1dCidYmErZ,1,,,,,,
185,2021/10/22,しっくおぶはうす！,BV1eUidY5E1Q,2,00:00:40,00:01:10,v,世界计划虚拟歌手演唱歌曲/原创歌曲,しっくおぶはうす！,,BV1eUidY5E1Q,1,,,,,,
192,2021/12/15,去り人達のワルツ,BV1ubqfYUEfa,2,00:01:20,00:01:53,v,世界计划虚拟歌手演唱歌曲/原创歌曲,去り人達のワルツ,,BV1ubqfYUEfa,1,,,,,,
197,2021/12/20,ラストスコア,BV15wkVYMENV,2,00:01:02,00:01:44,v,世界计划虚拟歌手演唱歌曲/原创歌曲,ラストスコア,,BV15wkVYMENV,1,,,,,,
215,2022/02/21,ジウダス,BV1dF411x7AV,1,00:00:41,00:01:11,v,世界计划虚拟歌手演唱歌曲/原创歌曲,ジウダス,,,,,,,,,
227,2022/04/15,ONESELF,BV1ZmdBYSEJ7,2,00:00:58,00:01:28,v,世界计划虚拟歌手演唱歌曲/原创歌曲,ONESELF,,BV1ZmdBYSEJ7,1,,,,,,
254,2022/06/24,未完成讃歌,BV1oDdBYmE4t,2,00:00:40,00:01:20,v,世界计划虚拟歌手演唱歌曲/原创歌曲,未完成讃歌,,BV1oDdBYmE4t,1,,,,,,
274,2022/08/26,それでもいいんだよ,BV1sNLdzHEnQ,2,00:01:00,00:01:44,v,世界计划虚拟歌手演唱歌曲/原创歌曲,それでもいいんだよ,,BV1sNLdzHEnQ,1,,,,,,
285,2022/10/11,ÅMARA(大未来電脳),BV1dG4y1n7dA,1,00:02:20,00:02:54,v,世界计划虚拟歌手演唱歌曲/原创歌曲,ÅMARA(大未来電脳),,,,,,,,,
292,2022/10/31,いちにのさんで,BV1NALdzXEvh,2,00:00:30,00:01:10,v,世界计划虚拟歌手演唱歌曲/原创歌曲,いちにのさんで,,BV1NALdzXEvh,1,,,,,,
314,2022/12/12,陽だまりのセツナ,BV1yrAgeiEe4,2,00:00:32,00:01:17,v,世界计划虚拟歌手演唱歌曲/原创歌曲,陽だまりのセツナ,,BV1yrAgeiEe4,1,,,,,,
315,2022/12/23,What's up? Pop!,BV1b3VKzjEyA,2,00:01:51,00:02:21,v,世界计划虚拟歌手演唱歌曲/原创歌曲,What's up? Pop!,,BV1b3VKzjEyA,1,,,,,,
328,2023/02/06,星界ちゃんと可不ちゃんのおつかい合騒曲,BV1hW4y1T732,2,00:00:39,00:01:09,v,世界计划虚拟歌手演唱歌曲/原创歌曲,星界ちゃんと可不ちゃんのおつかい合騒曲,,BV1hW4y1T732,1,,,,,,
326,2023/02/07,天使の翼。,BV1okHjz5EAg,2,00:00:52,00:01:38,v,世界计划虚拟歌手演唱歌曲/原创歌曲,天使の翼。,,BV1okHjz5EAg,1,,,,,,
338,2023/02/24,Where shall we go?,BV1DjEaziETo,2,00:00:28,00:01:06,v,世界计划虚拟歌手演唱歌曲/原创歌曲,Where shall we go?,,BV1DjEaziETo,1,,,,,,
329,2023/03/04,ヤミナベ!!!!,BV1L3CtYHEBf,2,00:00:48,00:01:18,v,世界计划虚拟歌手演唱歌曲/原创歌曲,ヤミナベ!!!!,,BV1L3CtYHEBf,1,,,,,,
332,2023/03/16,エピローグに君はいない,BV1UJEazeEeL,2,00:00:45,00:01:18,v,世界计划虚拟歌手演唱歌曲/原创歌曲,エピローグに君はいない,,BV1UJEazeEeL,1,,,,,,
359,2023/04/14,名も無き革命,BV1b5JwznEnc,2,00:00:59,00:01:38,v,世界计划虚拟歌手演唱歌曲/原创歌曲,名も無き革命,,BV1b5JwznEnc,1,,,,,,
364,2023/05/22,エターナルアリア,BV1SGJwzDEVA,2,00:01:09,00:01:47,v,世界计划虚拟歌手演唱歌曲/原创歌曲,エターナルアリア,,BV1SGJwzDEVA,1,,,,,,
370,2023/06/02,人生,BV1uUwZeVEXo,2,00:01:30,00:02:22,v,世界计划虚拟歌手演唱歌曲/原创歌曲,人生,,BV1uUwZeVEXo,1,,,,,,
380,2023/06/16,スターダストメドレー,BV1CfJnzwEZU,2,00:00:32,00:01:08,v,世界计划虚拟歌手演唱歌曲/原创歌曲,スターダストメドレー,,BV1CfJnzwEZU,1,,,,,,
382,2023/07/14,心拍ペアリング,BV1VkKSz8Es2,2,00:00:35,00:01:05,v,世界计划虚拟歌手演唱歌曲/原创歌曲,心拍ペアリング,,BV1VkKSz8Es2,1,,,,,,
381,2023/08/03,新人類,BV1pT41167cu,1,00:00:39,00:01:09,v,世界计划虚拟歌手演唱歌曲/原创歌曲,新人類,,BV1pT41167cu,2,,,,,,
379,2023/08/04,ずんだパーリナイ,BV16WDDBiEXX,2,00:00:34,00:01:18,v,世界计划虚拟歌手演唱歌曲/原创歌曲,ずんだパーリナイ,,BV16WDDBiEXX,1,,,,,,
399,2023/08/10,Disco No.39,,1,,,v,世界计划虚拟歌手演唱歌曲/原创歌曲,Disco No.39,,,,,,,,,
394,2023/08/25,ボトルケーキ,,1,,,v,世界计划虚拟歌手演唱歌曲/原创歌曲,ボトルケーキ,,,,,,,,,
408,2023/09/04,CIRCUS PANIC!!!,,1,,,v,世界计划虚拟歌手演唱歌曲/原创歌曲,CIRCUS PANIC!!!,,,,,,,,,
393,2023/09/19,Un-Lock,,1,,,v,世界计划虚拟歌手演唱歌曲/原创歌曲,Un-Lock,,,,,,,,,
368,2023/10/01,アイムマイン,BV1rLioYdEax,2,00:00:45,00:01:34,v,世界计划虚拟歌手演唱歌曲/原创歌曲,アイムマイン,,BV1rLioYdEax,1,,,,,,
425,2023/10/16,Cool Me Down,,1,,,v,世界计划虚拟歌手演唱歌曲/原创歌曲,Cool Me Down,,,,,,,,,
406,2023/11/10,ARQETYPE,,1,,,v,世界计划虚拟歌手演唱歌曲/原创歌曲,ARQETYPE,,,,,,,,,
426,2023/11/13,On&On,,1,,,v,世界计划虚拟歌手演唱歌曲/原创歌曲,On&On,,,,,,,,,
440,2023/12/11,ショウタイム×オーディエンス,BV1vfA8zKEKb,2,00:00:29,00:01:03,v,世界计划虚拟歌手演唱歌曲/原创歌曲,ショウタイム×オーディエンス,,BV1vfA8zKEKb,1,,,,,,
446,2023/12/22,オーバーコード,,1,,,v,世界计划虚拟歌手演唱歌曲/原创歌曲,オーバーコード,,,,,,,,,
444,2024/01/22,心泥夢(syndrome),,1,,,v,世界计划虚拟歌手演唱歌曲/原创歌曲,心泥夢(syndrome),,,,,,,,,
435,2024/02/03,リレイアウター,BV1R841197en,1,00:00:59,00:01:32,v,世界计划虚拟歌手演唱歌曲/原创歌曲,リレイアウター,,,,,,,,,
461,2024/02/04,おどロボ,BV1Fe411Z7ET,1,00:00:29,00:01:03,v,世界计划虚拟歌手演唱歌曲/原创歌曲,おどロボ,,,,,,,,,
468,2024/02/13,十六歳の心臓,,1,,,v,世界计划虚拟歌手演唱歌曲/原创歌曲,十六歳の心臓,,,,,,,,,
416,2024/02/16,limbo,,1,,,v,世界计划虚拟歌手演唱歌曲/原创歌曲,limbo,,,,,,,,,
481,2024/03/08,明鏡止水,,1,,,v,世界计划虚拟歌手演唱歌曲/原创歌曲,明鏡止水,,,,,,,,,
483,2024/03/15,アコトバ,,1,,,v,世界计划虚拟歌手演唱歌曲/原创歌曲,アコトバ,,,,,,,,,
427,2024/03/18,幽光、1/fのゆらめき,BV1rYPXzLEjq,2,00:00:49,00:01:19,v,世界计划虚拟歌手演唱歌曲/原创歌曲,幽光、1/fのゆらめき,,,,,,,,,
465,2024/03/22,嬢王,,1,,,v,世界计划虚拟歌手演唱歌曲/原创歌曲,嬢王,,,,,,,,,
486,2024/04/19,おぎゃりないざー,,1,,,v,世界计划虚拟歌手演唱歌曲/原创歌曲,おぎゃりないざー,,,,,,,,,
496,2024/04/22,シルバーコレクター,BV1yw6yBcEV2,2,00:00:30,00:01:06,v,世界计划虚拟歌手演唱歌曲/原创歌曲,シルバーコレクター,,BV1yw6yBcEV2,1,,,,,,
428,2024/05/10,ときめきジェットコースター,,1,,,v,世界计划虚拟歌手演唱歌曲/原创歌曲,ときめきジェットコースター,,,,,,,,,
504,2024/05/20,I know 愛脳.,,1,,,v,世界计划虚拟歌手演唱歌曲/原创歌曲,I know 愛脳.,,,,,,,,,
512,2024/06/24,合成するミライ,BV18RRqYAEpF,2,00:00:56,00:01:37,v,世界计划虚拟歌手演唱歌曲/原创歌曲,合成するミライ,,BV18RRqYAEpF,1,,,,,,
460,2024/06/28,LEADER,BV11xEaz8Erx,2,00:00:56,00:01:36,v,世界计划虚拟歌手演唱歌曲/原创歌曲,LEADER,,BV11xEaz8Erx,1,,,,,,
487,2024/07/09,ダイジョブですか？,BV16ZUGYaEQL,2,00:00:32,00:01:02,v,世界计划虚拟歌手演唱歌曲/原创歌曲,ダイジョブですか？,,BV16ZUGYaEQL,1,,,,,,
517,2024/07/22,メリーゴーラウンド,,1,,,v,世界计划虚拟歌手演唱歌曲/原创歌曲,メリーゴーラウンド,,,,,,,,,
515,2024/08/03,イガク,BV1Km411Z7uv,1,00:00:34,00:01:11,v,世界计划虚拟歌手演唱歌曲/原创歌曲,イガク,,BV1bz421Q7N6,1,,,,,,
516,2024/08/04,あちこちデートさん,BV1M3Z9YEEpV,1,00:01:00,00:01:37,v,世界计划虚拟歌手演唱歌曲/原创歌曲,あちこちデートさん,,BV1rqqaYtEEC,1,,,,,,
526,2024/08/19,彗星ノ銀河,,1,,,v,世界计划虚拟歌手演唱歌曲/原创歌曲,彗星ノ銀河,,,,,,,,,
519,2024/08/23,夏夜ノ唄,,1,,,v,世界计划虚拟歌手演唱歌曲/原创歌曲,夏夜ノ唄,,,,,,,,,
532,2024/09/17,レイヤーノート,BV1iMHYeAEHr,2,00:00:48,00:01:23,v,世界计划虚拟歌手演唱歌曲/原创歌曲,レイヤーノート,,BV1iMHYeAEHr,1,,,,,,
527,2024/09/24,Unpoison,BV166iZYtEw8,2,00:00:47,00:01:17,v,世界计划虚拟歌手演唱歌曲/原创歌曲,Unpoison,,BV166iZYtEw8,1,,,,,,
543,2024/10/10,生命性シンドロウム,BV13vCmYqExg,2,00:00:55,00:01:25,v,世界计划虚拟歌手演唱歌曲/原创歌曲,生命性シンドロウム,,BV13vCmYqExg,1,,,,,,
488,2024/10/21,メモリア,BV1syCoYHE8h,2,00:00:45,00:01:15,v,世界计划虚拟歌手演唱歌曲/原创歌曲,メモリア,,BV1syCoYHE8h,1,,,,,,
545,2024/10/28,脳天,BV1yeDNYXEgL,2,00:00:30,00:01:07,v,世界计划虚拟歌手演唱歌曲/原创歌曲,脳天,,BV1yeDNYXEgL,1,,,,,,
553,2024/11/25,パリィ,BV1jWDVYaEtu,2,00:00:34,00:01:04,v,世界计划虚拟歌手演唱歌曲/原创歌曲,パリィ,,BV1jWDVYaEtu,1,,,,,,
569,2024/12/16,シークレット・シーカー,BV1jCqDYTEqb,2,00:00:39,00:01:14,v,世界计划虚拟歌手演唱歌曲/原创歌曲,シークレット・シーカー,,BV1jCqDYTEqb,1,,,,,,
573,2024/12/28,はじまりの未来,BV1VXcZe2E2e,2,00:01:22,00:02:05,v,世界计划虚拟歌手演唱歌曲/原创歌曲,はじまりの未来,,BV1VXcZe2E2e,1,,,,,,
565,2025/01/21,夏に透明,BV1AEf5YPEmj,2,00:00:58,00:01:33,v,世界计划虚拟歌手演唱歌曲/原创歌曲,夏に透明,,BV1AEf5YPEmj,1,,,,,,
578,2025/02/09,ハローセカイ,BV1TLNZe2Egk,2,00:01:10,00:01:59,v,世界计划虚拟歌手演唱歌曲/原创歌曲,ハローセカイ,,BV1TLNZe2Egk,1,,,,,,
587,2025/02/12,ルルブ,BV1BvNyexEAs,2,00:00:39,00:01:13,v,世界计划虚拟歌手演唱歌曲/原创歌曲,ルルブ,,BV1BvNyexEAs,1,,,,,,
588,2025/03/14,プラネットヒーロー,BV1DwQ2YUEjh,2,00:00:36,00:01:17,v,世界计划虚拟歌手演唱歌曲/原创歌曲,プラネットヒーロー,,BV1DwQ2YUEjh,1,,,,,,
608,2025/04/18,星宙メランコリア,,1,,,v,世界计划虚拟歌手演唱歌曲/原创歌曲,星宙メランコリア,,,,,,,,,
626,2025/05/19,フィッシュアンドTips,,1,,,v,世界计划虚拟歌手演唱歌曲/原创歌曲,フィッシュアンドTips,,,,,,,,,
633,2025/06/23,庭師のおはなしによると,BV16F3ez6ERY,2,00:00:16,00:00:47,v,世界计划虚拟歌手演唱歌曲/原创歌曲,庭師のおはなしによると,,,,,,,,,
445,2025/06/30,Twilight Melody,,1,,,v,世界计划虚拟歌手演唱歌曲/原创歌曲,Twilight Melody,,,,,,,,,
637,2025/07/07,笑えたらえーやん！,,1,,,v,世界计划虚拟歌手演唱歌曲/原创歌曲,笑えたらえーやん！,,,,,,,,,
636,2025/07/18,エクスプロウル,BV1GT99YjETB,2,00:00:33,00:01:03,v,世界计划虚拟歌手演唱歌曲/原创歌曲,エクスプロウル,,BV1GT99YjETB,1,,,,,,
638,2025/08/02,花弁、それにまつわる音声,BV1wHPLeUE3q,2,00:00:35,00:01:05,v,世界计划虚拟歌手演唱歌曲/原创歌曲,花弁、それにまつわる音声,,BV1wHPLeUE3q,1,,,,,,
639,2025/08/03,マリオネットダンサー,,1,,,v,世界计划虚拟歌手演唱歌曲/原创歌曲,マリオネットダンサー,,,,,,,,,
655,2025/08/18,リリィララ,BV1uCYxzRECu,2,00:00:26,00:01:04,v,世界计划虚拟歌手演唱歌曲/原创歌曲,リリィララ,,BV1uCYxzRECu,1,,,,,,
647,2025/08/22,SAN値直葬,BV1NSQuBaEqH,2,00:01:23,00:02:14,v,世界计划虚拟歌手演唱歌曲/原创歌曲,SAN値直葬,,BV1NSQuBaEqH,1,,,,,,
656,2025/09/22,ブラッドドール,BV15iYxz8Egz,2,00:00:36,00:01:07,v,世界计划虚拟歌手演唱歌曲/原创歌曲,ブラッドドール,,BV15iYxz8Egz,1,,,,,,
668,2025/10/11,ネクラチューンサーカス,BV1eM6mB9ETo,2,00:00:35,00:01:05,v,世界计划虚拟歌手演唱歌曲/原创歌曲,ネクラチューンサーカス,,BV1eM6mB9ETo,1,,,,,,
677,2025/10/27,アベリア,BV18HykB5Egy,2,00:00:41,00:01:27,v,世界计划虚拟歌手演唱歌曲/原创歌曲,アベリア,,BV18HykB5Egy,1,,,,,,
678,2025/11/12,金時計,,1,,,v,世界计划虚拟歌手演唱歌曲/原创歌曲,金時計,,,,,,,,,
671,2025/11/23,怪獣になりたい,BV12JWbzvEfR,4,00:00:44,00:01:22,v,世界计划虚拟歌手演唱歌曲/原创歌曲,怪獣になりたい,,BV12JWbzvEfR,3,,,,,,
691,2025/11/24,0.0000034,,1,,,v,世界计划虚拟歌手演唱歌曲/原创歌曲,0.0000034,,,,,,,,,
696,2025/12/22,ドリーム・キス,,1,,,v,世界计划虚拟歌手演唱歌曲/原创歌曲,ドリーム・キス,,,,,,,,,
697,2026/01/12,Internet Junk Junkie,,1,,,v,世界计划虚拟歌手演唱歌曲/原创歌曲,Internet Junk Junkie,,,,,,,,,
720,2026/02/13,アリア,,1,,,v,世界计划虚拟歌手演唱歌曲/原创歌曲,アリア,,,,,,,,,
718,2026/02/14,幕を下ろそう、パレードへ,BV12PaQzWEZ6,4,00:00:33,00:01:05,v,世界计划虚拟歌手演唱歌曲/原创歌曲,幕を下ろそう、パレードへ,,BV12PaQzWEZ6,3,,,,,,
717,2026/02/15,Ribbon,BV1SgeBzfEUh,2,00:00:43,00:01:23,v,世界计划虚拟歌手演唱歌曲/原创歌曲,Ribbon,,BV1SgeBzfEUh,1,,,,,,
732,2026/03/23,天藍のアイスヘヴン,BV1GNiEBbEbx,2,00:00:40,00:01:16,v,世界计划虚拟歌手演唱歌曲/原创歌曲,天藍のアイスヘヴン,,BV1GNiEBbEbx,1,,,,,,
737,2026/04/ ,導火愛,,1,,,v,世界计划虚拟歌手演唱歌曲/原创歌曲,導火愛,,,,,,,,,
 ,2026/05/ ,ストラタでまちあわせ,,1,,,v,世界计划虚拟歌手演唱歌曲/原创歌曲,ストラタでまちあわせ,,,,,,,,,
76,2020/09/30,セカイ,BV1gB4y1A71T,1,00:00:47,00:01:39,v,世界计划其他歌曲,セカイ,,,,,,,,,
77,2020/09/30,ワ一ワ一ワ一ルド,BV1K2DVYmEPv,2,00:00:46,00:01:42,v,世界计划其他歌曲,ワ一ワ一ワ一ルド,,,,,,,,,
141,2021/09/30,群青讃歌,BV1wD4y1g7km,2,00:00:41,00:01:36,v,世界计划其他歌曲,群青讃歌,,,,,,,,,
231,2022/05/01,アイデンティティ,BV1KiySYBEHn,36,00:00:22,00:01:14,25,世界计划其他歌曲,アイデンティティ,,,,,,,,,
232,2022/05/02,青色絵具,BV1HEHeeLERR,2,00:00:46,00:01:20,ln,世界计划其他歌曲,青色絵具,,,,,,,,,
233,2022/05/03,コスモスパイス,BV1HxAHzdErQ,2,00:00:22,00:01:17,ln,世界计划其他歌曲,コスモスパイス,,,,,,,,,
234,2022/05/04,徳川カップヌードル禁止令,BV1pGRKYhEKU,1,00:00:30,00:01:13,ws,世界计划其他歌曲,徳川カップヌードル禁止令,,,,,,,,,
230,2022/05/05,サラマンダー,BV1UUw1zPEsE,2,00:00:29,00:01:14,vbs,世界计划其他歌曲,サラマンダー,,,,,,,,,
235,2022/09/30,Journey,BV1wBrvBzEhf,2,00:00:24,00:01:09,v,世界计划其他歌曲,Journey,,,,,,,,,
302,2022/11/26,フレー,BV1KiySYBEHn,6,00:00:41,00:01:17,ln,世界计划其他歌曲,フレー,,,,,,,,,
336,2023/04/01,Be The MUSIC!,BV1ovW4z2Ezr,4,00:00:38,00:01:29,v,世界计划其他歌曲,Be The MUSIC!,,,,,,,,,
400,2023/08/01,我らステインバスターズ！,BV13ktPzEEck,4,00:00:23,00:00:53,mmj,世界计划其他歌曲,我らステインバスターズ！,,,,,,,,,
366,2023/09/30,NEO,BV16N411t7YA,1,00:00:22,00:01:09,v,世界计划其他歌曲,NEO,,,,,,,,,
489,2024/09/30,熱風,BV1x9xbeSE9A,1,00:00:22,00:01:18,v,世界计划其他歌曲,熱風,,,,,,,,,
579,2025/01/29,Worlders,BV134PqeREPL,5,00:00:47,00:01:38,v,世界计划其他歌曲,Worlders,,,,,,,,,
555,2025/02/15,フュージョン,BV1M3Z9YEEpV,3,00:00:35,00:01:06,vbs,世界计划其他歌曲,フュージョン,,BV1a5KsewEqE,1,,,,,,
585,2025/09/30,ペンタトニック,BV1kkHpzBE36,2,00:00:41,00:01:33,v,世界计划其他歌曲,ペンタトニック,,,,,,,,,
739,,世界の歩き方,BV18R9rBNEoj,4,00:00:53,00:01:23,v,世界计划其他歌曲,世界の歩き方,,,,,,,,,
2,2020/09/30,ロキ,BV1KFrrBfEmc,2,00:00:44,00:01:14,ln,Leo/need演唱歌曲/收录歌曲,ロキ,,,,,,,,,
3,2020/09/30,テオ,BV1Zb411c76R,2,00:01:06,00:01:55,ln,Leo/need演唱歌曲/收录歌曲,テオ,,,,,,,,,
6,2020/09/30,ヒバナ -Reloaded-,BV1nb9EB9E3o,2,00:00:38,00:01:08,ln,Leo/need演唱歌曲/收录歌曲,ヒバナ -Reloaded-,,BV1nb9EB9E3o,1,,,,,,
18,2020/10/01,アスノヨゾラ哨戒班,BV1Et411x7XB,2,00:00:28,00:01:03,ln,Leo/need演唱歌曲/收录歌曲,アスノヨゾラ哨戒班,,,,,,,,,
93,2020/10/17,青く駆けろ！,BV1kgsDevEs5,2,00:00:58,00:01:47,ln,Leo/need演唱歌曲/收录歌曲,青く駆けろ！,,,,,,,,,
75,2020/12/01,ウミユリ海底譚,BV1Px4y1k7Se,2,00:00:50,00:01:20,ln,Leo/need演唱歌曲/收录歌曲,ウミユリ海底譚,,BV1Px4y1k7Se,4,,,,,,
91,2020/12/28,ドラマツルギー,BV1sqDaYvEHU,1,00:00:55,00:01:33,ln,Leo/need演唱歌曲/收录歌曲,ドラマツルギー,,,,,,,,,
8,2021/02/10,タイムマシン,BV18gCnBEEeL,2,00:00:46,00:01:36,ln,Leo/need演唱歌曲/收录歌曲,タイムマシン,,BV18gCnBEEeL,1,,,,,,
96,2021/03/22,from Y to Y,BV16Q4y1R7LF,1,00:01:30,00:02:20,ln,Leo/need演唱歌曲/收录歌曲,from Y to Y,,,,,,,,,
120,2021/05/28,いかないで,BV1jr4y1x7rk,1,00:00:39,00:01:20,ln,Leo/need演唱歌曲/收录歌曲,いかないで,,,,,,,,,
135,2021/07/12,六兆年と一夜物語,BV1eK421x7yD,2,00:00:50,00:01:22,ln,Leo/need演唱歌曲/收录歌曲,六兆年と一夜物語,,BV1eK421x7yD,4,,,,,,
171,2021/08/15,カゲロウデイズ,BV1CoQ3BeE6a,1,00:00:46,00:01:20,ln,Leo/need演唱歌曲/收录歌曲,カゲロウデイズ,,BV1WgxeesExt,1,,,,,,
98,2021/10/02,ロストワンの号哭,BV15s6vBsEtn,2,00:01:06,00:01:41,ln,Leo/need演唱歌曲/收录歌曲,ロストワンの号哭,,,,,,,,,
148,2021/10/12,ray,BV1EJ14BWEQv,6,00:00:59,00:01:36,ln,Leo/need演唱歌曲/收录歌曲,ray,,BV1Vj411M7Xt,1,,,,,,
184,2021/10/13,"Hello,world!",BV1VEoFB8EgF,1,00:00:55,00:01:28,ln,Leo/need演唱歌曲/收录歌曲,"Hello,world!",,BV1hZFDz1EHG,1,,,,,,
199,2021/12/30,ゴーストルール,BV1zs411R7h4,2,00:00:35,00:01:09,ln,Leo/need演唱歌曲/收录歌曲,ゴーストルール,,,,,,,,,
155,2022/01/24,心拍数♯0822,BV1JtovBgE2S,4,00:01:17,00:01:48,ln,Leo/need演唱歌曲/收录歌曲,心拍数♯0822,,BV1Kj411175y,1,,,,,,
208,2022/03/04,僕らまだアンダーグラウンド,BV1JtovBgE2S,5,00:00:59,00:01:37,ln,Leo/need演唱歌曲/收录歌曲,僕らまだアンダーグラウンド,,BV1J1421f7UH,1,,,,,,
226,2022/08/15,ロストエンファウンド,BV1v32pBTELy,4,00:01:17,00:01:48,ln,Leo/need演唱歌曲/收录歌曲,ロストエンファウンド,,,,,,,,,
243,2022/09/16,Calc.,BV1Hy4y137qY,1,00:00:35,00:01:08,ln,Leo/need演唱歌曲/收录歌曲,Calc.,,,,,,,,,
289,2022/10/01,天ノ弱,BV1JtovBgE2S,6,00:00:55,00:01:27,ln,Leo/need演唱歌曲/收录歌曲,天ノ弱,,BV1iF4m1c7E4,1,,,,,,
255,2022/12/29,夜もすがら君想ふ,BV1JtovBgE2S,7,00:00:49,00:01:20,ln,Leo/need演唱歌曲/收录歌曲,夜もすがら君想ふ,,BV1umfNYpEr4,1,,,,,,
286,2023/02/20,"Hello, Worker",BV1mGeUeZEPx,1,00:00:51,00:01:23,ln,Leo/need演唱歌曲/收录歌曲,"Hello, Worker",,,,,,,,,
321,2023/03/24,アトラクトライト,BV1JtovBgE2S,8,00:00:55,00:01:26,ln,Leo/need演唱歌曲/收录歌曲,アトラクトライト,,BV1rZCABpEd4,1,,,,,,
323,2023/05/01,快晴,BV1JtovBgE2S,9,00:01:36,00:02:06,ln,Leo/need演唱歌曲/收录歌曲,快晴,,BV1qUd7YbEj6,1,,,,,,
339,2023/06/23,glow,BV1MzQ8BfEDN,2,00:01:13,00:01:53,ln,Leo/need演唱歌曲/收录歌曲,glow,剧场版的ick木吉他solo,BV17W2yBBEzL,1,,,BV17W2yBBEzL,2,,
395,2023/08/15,サマータイムレコード,BV1aK4y1X7Co,1,00:01:33,00:02:09,ln,Leo/need演唱歌曲/收录歌曲,サマータイムレコード,原key,,,,,,,,
372,2023/10/02,天樂,BV1Sc411K7mM,1,00:01:33,00:02:08,ln,Leo/need演唱歌曲/收录歌曲,天樂,原key,,,,,,,,
407,2023/12/28,初めての恋が終わる時,BV1UN411o7VE,1,00:01:17,00:02:04,ln,Leo/need演唱歌曲/收录歌曲,初めての恋が終わる時,,,,,,,,,
438,2024/01/09,ハイドアンド・シーク,BV1oD4y1r73M,1,00:00:55,00:01:30,ln,Leo/need演唱歌曲/收录歌曲,ハイドアンド・シーク,,,,,,,,,
456,2024/03/27,幾望の月,BV1ht411X7Fu,2,00:01:03,00:01:33,ln,Leo/need演唱歌曲/收录歌曲,幾望の月,,,,,,,,,
396,2024/05/13,東京テディベア,BV1gqBqYoEm3,2,00:00:39,00:01:09,ln,Leo/need演唱歌曲/收录歌曲,東京テディベア,,BV1gqBqYoEm3,1,,,,,,
458,2024/06/03,抜錨,BV1UVCCByEUA,2,00:00:36,00:01:06,ln,Leo/need演唱歌曲/收录歌曲,抜錨,,BV1UVCCByEUA,1,,,,,,
443,2024/07/17,林檎売りの泡沫少女,BV1JtovBgE2S,10,00:01:43,00:02:16,ln,Leo/need演唱歌曲/收录歌曲,林檎売りの泡沫少女,,BV1yKwjzgEL6,1,,,,,,
477,2024/10/01,モザイクロール (Reloaded),BV1JtovBgE2S,11,00:00:40,00:01:10,ln,Leo/need演唱歌曲/收录歌曲,モザイクロール (Reloaded),,BV1ajimBCE8Q,1,,,,,,
534,2025/01/03,ワールド・ランプシェード [reunion],,1,,,ln,Leo/need演唱歌曲/收录歌曲,ワールド・ランプシェード [reunion],,,,,,,,,
484,2025/01/10,Henceforth,,1,,,ln,Leo/need演唱歌曲/收录歌曲,Henceforth,,,,,,,,,
547,2025/02/01,终焉逃避行,,1,,,ln,Leo/need演唱歌曲/收录歌曲,终焉逃避行,,,,,,,,,
520,2025/03/17,透明エレジー,,1,,,ln,Leo/need演唱歌曲/收录歌曲,透明エレジー,,,,,,,,,
595,2025/05/26,エンヴィキャットウォーク,,1,,,ln,Leo/need演唱歌曲/收录歌曲,エンヴィキャットウォーク,,,,,,,,,
645,2025/09/16,深海シティアンダーグラウンド,,1,,,ln,Leo/need演唱歌曲/收录歌曲,深海シティアンダーグラウンド,,,,,,,,,
559,2025/10/01,おどりゃんせ,,1,,,ln,Leo/need演唱歌曲/收录歌曲,おどりゃんせ,,,,,,,,,
665,2025/11/07,ロケットサイダー,,1,,,ln,Leo/need演唱歌曲/收录歌曲,ロケットサイダー,,,,,,,,,
641,2026/01/05,君が飛び降りるのなら,BV1zK4y1E7A1,1,00:00:21,00:00:51,ln,Leo/need演唱歌曲/收录歌曲,君が飛び降りるのなら,原key,BV1YWAnzMEPo,1,,,,,,
702,2026/03/06,ラムネ,,1,,,ln,Leo/need演唱歌曲/收录歌曲,ラムネ,,,,,,,,,
710,,ヘッジホッグ,,1,,,ln,Leo/need演唱歌曲/收录歌曲,,,,,,,,,,
10,2020/09/30,ハッピーシンセサイザ,BV1LK4y1R73m,1,00:00:52,00:01:28,mmj,MORE MORE JUMP!演唱歌曲/收录歌曲,ハッピーシンセサイザ,,,,,,,,,
13,2020/09/30,Nostalogic,BV1Df4y1a7Cn,1,00:01:00,00:01:37,mmj,MORE MORE JUMP!演唱歌曲/收录歌曲,Nostalogic,,,,,,,,,
71,2020/09/30,ツギハギスタッカート,BV1MM411i7Pm,1,00:00:41,00:01:20,mmj,MORE MORE JUMP!演唱歌曲/收录歌曲,ツギハギスタッカート,原key,,,,,,,,
73,2020/10/02,ニア,BV1sEd6BZEEx,1,00:01:10,00:01:40,mmj,MORE MORE JUMP!演唱歌曲/收录歌曲,ニア,,BV1mqAnzbEKQ,1,,,,,,
11,2020/10/11,ビバハピ,BV1WeYizrEoX,2,00:00:52,00:01:33,mmj,MORE MORE JUMP!演唱歌曲/收录歌曲,ビバハピ,,,,,,,,,
70,2020/10/25,メルティランドナイトメア,BV1cb411P78p,2,00:01:07,00:01:53,mmj,MORE MORE JUMP!演唱歌曲/收录歌曲,メルティランドナイトメア,原key,,,,,,,,
87,2020/12/30,恋愛裁判,BV1goz8BPEyX,2,00:00:52,00:01:23,mmj,MORE MORE JUMP!演唱歌曲/收录歌曲,恋愛裁判,,,,,,,,,
107,2021/02/06,ミルククラウン・オン・ソーネチカ,BV1L3411x7sr,1,00:00:51,00:01:21,mmj,MORE MORE JUMP!演唱歌曲/收录歌曲,ミルククラウン・オン・ソーネチカ,,,,,,,,,
123,2021/04/12,どりーみんチュチュ,BV1JtovBgE2S,12,00:01:00,00:01:36,mmj,MORE MORE JUMP!演唱歌曲/收录歌曲,どりーみんチュチュ,,,,,,,,,
121,2021/06/07,ロミオとシンデレラ,BV1JtovBgE2S,13,00:01:00,00:01:40,mmj,MORE MORE JUMP!演唱歌曲/收录歌曲,ロミオとシンデレラ,,BV1Ag4QeGEgB,1,,,,,,
154,2021/07/19,地球最後の告白を,BV17t411X7BL,2,00:01:14,00:01:49,mmj,MORE MORE JUMP!演唱歌曲/收录歌曲,地球最後の告白を,,,,,,,,,
157,2021/10/10,マシュマリー,BV1JtovBgE2S,14,00:00:53,00:01:27,mmj,MORE MORE JUMP!演唱歌曲/收录歌曲,マシュマリー,,,,,,,,,
172,2021/10/30,Happy Halloween,BV1HeCoBBE1M,1,00:01:17,00:01:57,mmj,MORE MORE JUMP!演唱歌曲/收录歌曲,Happy Halloween,,,,,,,,,
147,2021/11/29,からくりピエロ,BV13b411N7kN,2,00:01:10,00:01:47,mmj,MORE MORE JUMP!演唱歌曲/收录歌曲,からくりピエロ,,,,,,,,,
169,2022/01/02,少女レイ,BV1JtovBgE2S,15,00:00:50,00:01:27,mmj,MORE MORE JUMP!演唱歌曲/收录歌曲,少女レイ,,BV1oD4y117Y9,1,,,,,,
188,2022/03/02,心予報,BV1JtovBgE2S,16,00:00:54,00:01:39,mmj,MORE MORE JUMP!演唱歌曲/收录歌曲,心予報,,BV1tKSCYaEx8,1,,,,,,
168,2022/04/25,ダーリンダンス,BV1gv41117ai,1,00:00:55,00:01:28,mmj,MORE MORE JUMP!演唱歌曲/收录歌曲,ダーリンダンス,原key,,,,,,,,
213,2022/06/20,ヴァンパイア,BV12S4y1F7LL,2,00:00:50,00:01:24,mmj,MORE MORE JUMP!演唱歌曲/收录歌曲,ヴァンパイア,原key,,,,,,,,
242,2022/10/08,トリノコシティ,BV1RJ411L78k,1,00:00:54,00:01:26,mmj,MORE MORE JUMP!演唱歌曲/收录歌曲,トリノコシティ,,BV1pr42147ii,1,,,,,,
269,2022/12/09,ロンリーユニバース,BV1w8411U73c,1,00:01:25,00:01:59,mmj,MORE MORE JUMP!演唱歌曲/收录歌曲,ロンリーユニバース,原key,BV1yGBjYWEWj,1,,,,,,
281,2023/01/02,気まぐれメルシィ,BV1Ee4y1x7S8,1,00:00:46,00:01:24,mmj,MORE MORE JUMP!演唱歌曲/收录歌曲,気まぐれメルシィ,,BV1Xt421V7ou,1,,,,,,
320,2023/03/07,Booo!,BV1Wb411A7BZ,1,00:00:37,00:01:07,mmj,MORE MORE JUMP!演唱歌曲/收录歌曲,Booo!,,BV19RqnYjExS,1,,,,,,
258,2023/04/07,深海少女,BV1s84y1e769,1,00:00:34,00:01:04,mmj,MORE MORE JUMP!演唱歌曲/收录歌曲,深海少女,,,,,,,,,
354,2023/05/15,セツナトリップ,BV1UA411V7Aj,1,00:01:14,00:01:50,mmj,MORE MORE JUMP!演唱歌曲/收录歌曲,セツナトリップ,原key,,,,,,,,
361,2023/07/03,きゅうくらりん,BV1MY411T78d,1,00:00:39,00:01:09,mmj,MORE MORE JUMP!演唱歌曲/收录歌曲,きゅうくらりん,原key,BV1czqnYtE75,1,,,,,,
355,2023/09/11,白い雪のプリンセスは,BV1eXCoBxE3w,1,00:00:52,00:01:25,mmj,MORE MORE JUMP!演唱歌曲/收录歌曲,白い雪のプリンセスは,原key,,,,,,,,
369,2023/10/04,メランコリック,BV1sK4y1R7UM,1,00:01:02,00:01:41,mmj,MORE MORE JUMP!演唱歌曲/收录歌曲,メランコリック,,,,,,,,,
377,2023/10/23,悪役にキスシーンを,BV13t411i7bp,2,00:00:52,00:01:22,mmj,MORE MORE JUMP!演唱歌曲/收录歌曲,悪役にキスシーンを,原key,,,,,,,,
413,2023/12/04,さよならプリンセス,BV1o8upzYEBZ,2,00:00:43,00:01:15,mmj,MORE MORE JUMP!演唱歌曲/收录歌曲,さよならプリンセス,,BV1o8upzYEBZ,1,,,,,,
417,2024/01/05,くうになる,BV1Q8411W78P,2,00:00:22,00:00:57,mmj,MORE MORE JUMP!演唱歌曲/收录歌曲,くうになる,原key,,,,,,,,
431,2024/03/11,flos,BV1qt411h7rK,1,00:01:18,00:01:50,mmj,MORE MORE JUMP!演唱歌曲/收录歌曲,flos,,,,,,,,,
482,2024/05/24,だめにんげんだ!,BV1oK411k7h1,1,00:00:40,00:01:15,mmj,MORE MORE JUMP!演唱歌曲/收录歌曲,だめにんげんだ!,,,,,,,,,
494,2024/07/01,ポッピンキャンディ☆フィーバー！,BV1a3bTzFE5r,2,00:00:59,00:01:37,mmj,MORE MORE JUMP!演唱歌曲/收录歌曲,ポッピンキャンディ☆フィーバー！,原key,,,,,,,,
495,2024/09/09,スーパーヒーロー,BV1JtovBgE2S,17,00:00:35,00:01:05,mmj,MORE MORE JUMP!演唱歌曲/收录歌曲,スーパーヒーロー,,,,,,,,,
511,2024/10/03,如月アテンション,BV1nt411i7ev,2,00:00:53,00:01:26,mmj,MORE MORE JUMP!演唱歌曲/收录歌曲,如月アテンション,原key,BV1odDMByEzy,1,,,,,,
530,2024/10/15,キャットフード,BV11LHxz9EZE,2,00:00:50,00:01:32,mmj,MORE MORE JUMP!演唱歌曲/收录歌曲,キャットフード,,,,,,,,,
544,2024/11/05,妄想アスパルテーム,BV1EPDNYVEee,3,00:00:28,00:00:58,mmj,MORE MORE JUMP!演唱歌曲/收录歌曲,妄想アスパルテーム,,,,,,,,,
554,2025/01/02,snooze,BV1UT411Y7GZ,1,00:00:41,00:01:11,mmj,MORE MORE JUMP!演唱歌曲/收录歌曲,snooze,,BV11p9JYMEFi,1,,,,,,
521,2025/03/07,オーバーライド,BV1B4421F7vs,1,00:00:32,00:01:02,mmj,MORE MORE JUMP!演唱歌曲/收录歌曲,オーバーライド,短版,BV1Hy9DYWEz3,1,,,BV1Hy9DYWEz3,2,,
607,2025/04/22,回る空うさぎ,BV1w9Q8BJEzU,1,00:01:11,00:01:46,mmj,MORE MORE JUMP!演唱歌曲/收录歌曲,回る空うさぎ,短版,BV1YgEuzGE3y,1,,,BV1YgEuzGE3y,2,00:00:34,00:01:55
629,2025/09/01,8.32,BV1zuRoYvEmS,3,00:01:06,00:01:46,mmj,MORE MORE JUMP!演唱歌曲/收录歌曲,8.32,原key,,,,,,,,
621,2025/10/03,東京サマーセッション,BV18Y41157rd,2,00:00:55,00:01:32,mmj,MORE MORE JUMP!演唱歌曲/收录歌曲,東京サマーセッション,,,,,,,,,
601,2025/11/04,ルマ,BV1RJ411Q7mT,1,00:00:45,00:01:15,mmj,MORE MORE JUMP!演唱歌曲/收录歌曲,ルマ,,,,,,,,,
700,2026/01/01,魔法少女とチョコレゐト,BV1D44y1n78R,1,00:00:42,00:01:24,mmj,MORE MORE JUMP!演唱歌曲/收录歌曲,魔法少女とチョコレゐト,,,,,,,,,
693,2026/02/28,erase or zero,BV1WPAazDEsN,5,00:00:55,00:01:27,mmj,MORE MORE JUMP!演唱歌曲/收录歌曲,erase or zero,,,,,,,,,
26,2020/09/30,劣等上等,BV1Cs411J7h3,3,00:00:44,00:01:14,vbs,Vivid BAD SQUAD演唱歌曲/收录歌曲,劣等上等,,,,,,,,,
28,2020/09/30,ドクター＝ファンクビート,BV1GYdmBaEUv,2,00:00:37,00:01:07,vbs,Vivid BAD SQUAD演唱歌曲/收录歌曲,ドクター＝ファンクビート,,,,,,,,,
69,2020/09/30,フラジール,BV1ai421o7ZS,2,00:01:19,00:01:49,vbs,Vivid BAD SQUAD演唱歌曲/收录歌曲,フラジール,,,,,,,,,
27,2020/10/03,Just Be Friends,BV1bm411d7CT,2,00:01:16,00:02:06,vbs,Vivid BAD SQUAD演唱歌曲/收录歌曲,Just Be Friends,,,,,,,,,
81,2020/10/09,夜咄ディセイブ,BV1tt411i7gh,2,00:01:00,00:01:30,vbs,Vivid BAD SQUAD演唱歌曲/收录歌曲,夜咄ディセイブ,,,,,,,,,
100,2021/01/02,ECHO,BV1wu2kBgEkf,2,00:00:30,00:01:00,vbs,Vivid BAD SQUAD演唱歌曲/收录歌曲,ECHO,,,,,,,,,
15,2021/02/15,drop pop candy,BV1MJ411n77m,1,00:00:45,00:01:27,vbs,Vivid BAD SQUAD演唱歌曲/收录歌曲,drop pop candy,,,,,,,,,
95,2021/03/15,威風堂々,BV1zh4y147Zv,1,00:00:38,00:01:08,vbs,Vivid BAD SQUAD演唱歌曲/收录歌曲,威風堂々,原key,,,,,,,,
102,2021/05/03,幽霊東京,BV1ew411Z7XB,1,00:01:00,00:01:33,vbs,Vivid BAD SQUAD演唱歌曲/收录歌曲,幽霊東京,,,,,,,,,
143,2021/06/30,トラフィック・ジャム,BV1weXjBSEy5,2,00:00:45,00:01:15,vbs,Vivid BAD SQUAD演唱歌曲/收录歌曲,トラフィック・ジャム,,,,,,,,,
136,2021/08/23,チルドレンレコード,BV1us4y1i7zS,1,00:00:53,00:01:23,vbs,Vivid BAD SQUAD演唱歌曲/收录歌曲,チルドレンレコード,,,,,,,,,
133,2021/10/08,悪魔の踊り方,BV1NNcyzQEst,2,00:00:56,00:01:26,vbs,Vivid BAD SQUAD演唱歌曲/收录歌曲,悪魔の踊り方,,,,,,,,,
167,2021/11/10,オルターエゴ,BV1jG4y1E7Sd,2,00:00:53,00:01:25,vbs,Vivid BAD SQUAD演唱歌曲/收录歌曲,オルターエゴ,,,,,,,,,
200,2022/01/03,ガランド,BV1Ks4y1B7pK,71,00:00:47,00:01:17,vbs,Vivid BAD SQUAD演唱歌曲/收录歌曲,ガランド,,,,,,,,,
205,2022/02/04,踊,BV1of4y1p72a,2,00:00:46,00:01:29,vbs,Vivid BAD SQUAD演唱歌曲/收录歌曲,踊,,,,,,,,,
210,2022/03/22,雨とペトラ,BV1Wx411C7hL,2,00:00:53,00:01:23,vbs,Vivid BAD SQUAD演唱歌曲/收录歌曲,雨とペトラ,,,,,,,,,
195,2022/04/18,PaⅢ.SENSATION,BV1HqZNYKEQ5,2,00:00:54,00:01:27,vbs,Vivid BAD SQUAD演唱歌曲/收录歌曲,PaⅢ.SENSATION,,,,,,,,,
245,2022/06/06,阿吽のビーツ,BV1Ks4y1B7pK,75,00:00:28,00:00:58,vbs,Vivid BAD SQUAD演唱歌曲/收录歌曲,阿吽のビーツ,原key,,,,,,,,
266,2022/08/22,YY,BV1dSxezTEtE,4,00:00:42,00:01:20,vbs,Vivid BAD SQUAD演唱歌曲/收录歌曲,YY,,,,,,,,,
253,2022/10/10,DAYBREAK FRONTLINE,BV1pDCcBJEhc,2,00:01:00,00:01:34,vbs,Vivid BAD SQUAD演唱歌曲/收录歌曲,DAYBREAK FRONTLINE,,,,,,,,,
262,2022/11/01,帝国少女,BV1KmyEBuEAt,1,00:01:08,00:01:41,vbs,Vivid BAD SQUAD演唱歌曲/收录歌曲,帝国少女,,BV1PLPZzAEtP,1,,,,,,
291,2023/01/05,フェレス,BV1HMobBfEQN,2,00:00:48,00:01:34,vbs,Vivid BAD SQUAD演唱歌曲/收录歌曲,フェレス,,,,,,,,,
299,2023/03/13,エゴイスト,BV1mYCJBCE9o,2,00:01:08,00:01:43,vbs,Vivid BAD SQUAD演唱歌曲/收录歌曲,エゴイスト,,,,,,,,,
322,2023/04/21,絶え間なく藍色,BV1LE411Y7zG,2,00:00:54,00:01:24,vbs,Vivid BAD SQUAD演唱歌曲/收录歌曲,絶え間なく藍色,,,,,,,,,
276,2023/05/19,シャンティ,BV1Hb411D7ea,2,00:00:31,00:01:08,vbs,Vivid BAD SQUAD演唱歌曲/收录歌曲,シャンティ,,,,,,,,,
344,2023/07/24,脳内革命ガール,BV1YX2aBFEAL,2,00:01:02,00:01:33,vbs,Vivid BAD SQUAD演唱歌曲/收录歌曲,脳内革命ガール,,,,,,,,,
365,2023/10/06,恋は戦争,BV1XTa5zdEVc,2,00:01:32,00:02:07,vbs,Vivid BAD SQUAD演唱歌曲/收录歌曲,恋は戦争,,,,,,,,,
392,2023/11/06,春嵐,BV1QT4y137uN,2,00:00:29,00:00:59,vbs,Vivid BAD SQUAD演唱歌曲/收录歌曲,春嵐,,BV1gB56zSEoX,1,,,,,,
418,2023/12/30,金木犀,BV1NT4y1g7Gk,1,00:00:50,00:01:20,vbs,Vivid BAD SQUAD演唱歌曲/收录歌曲,金木犀,,,,,,,,,
410,2024/01/29,マーシャル・マキシマイザー,BV1pb4y117ut,1,00:00:40,00:01:12,vbs,Vivid BAD SQUAD演唱歌曲/收录歌曲,マーシャル・マキシマイザー,,BV1TRfNYmEVT,1,,,,,,
437,2024/02/01,え？あぁ、そう。,,1,,,vbs,Vivid BAD SQUAD演唱歌曲/收录歌曲,え？あぁ、そう。,,,,,,,,,
441,2024/04/15,酔いどれ知らず,BV15eypBeEYA,2,00:00:31,00:01:04,vbs,Vivid BAD SQUAD演唱歌曲/收录歌曲,酔いどれ知らず,,BV15eypBeEYA,1,,,,,,
522,2024/08/13,WAVE,BV1Nx411q7Eo,164,00:00:42,00:01:12,vbs,Vivid BAD SQUAD演唱歌曲/收录歌曲,WAVE,,,,,,,,,
505,2024/10/05,コールボーイ,,1,,,vbs,Vivid BAD SQUAD演唱歌曲/收录歌曲,コールボーイ,,,,,,,,,
557,2024/12/23,花溺れ,BV12tCNY3Eku,2,00:01:07,00:01:44,vbs,Vivid BAD SQUAD演唱歌曲/收录歌曲,花溺れ,,,,,,,,,
513,2025/01/01,CH4NGE,BV14R4y1W7US,1,00:00:20,00:00:52,vbs,Vivid BAD SQUAD演唱歌曲/收录歌曲,CH4NGE,,,,,,,,,
490,2025/02/21,ルーマー,BV197VNzpEWz,5,00:00:28,00:01:03,vbs,Vivid BAD SQUAD演唱歌曲/收录歌曲,ルーマー,,,,,,,,,
580,2025/03/03,三日月ステップ,BV15H1RBdETn,2,00:00:39,00:01:10,vbs,Vivid BAD SQUAD演唱歌曲/收录歌曲,三日月ステップ,,,,,,,,,
537,2025/04/08,花に風,,1,,,vbs,Vivid BAD SQUAD演唱歌曲/收录歌曲,花に風,,,,,,,,,
620,2025/05/09,紗痲,,1,,,vbs,Vivid BAD SQUAD演唱歌曲/收录歌曲,紗痲,,,,,,,,,
632,2025/08/12,Surges,BV1pM4y1V7JJ,1,00:00:18,00:00:52,vbs,Vivid BAD SQUAD演唱歌曲/收录歌曲,Surges,,,,,,,,,
571,2025/09/24,偽物人間40号,,1,,,vbs,Vivid BAD SQUAD演唱歌曲/收录歌曲,偽物人間40号,,,,,,,,,
672,2025/10/05,ハウトゥー世界征服,BV19b411N76q,2,00:01:00,00:01:37,vbs,Vivid BAD SQUAD演唱歌曲/收录歌曲,ハウトゥー世界征服,,,,,,,,,
586,2025/12/31,ヤンキーボーイ・ヤンキーガール,,1,,,vbs,Vivid BAD SQUAD演唱歌曲/收录歌曲,ヤンキーボーイ・ヤンキーガール,,,,,,,,,
643,2026/03/01,About me,BV14EdkBiEuc,1,00:01:05,00:01:36,vbs,Vivid BAD SQUAD演唱歌曲/收录歌曲,About me,,,,,,,,,
38,2020/09/30,ブリキノダンス,BV1ss411B7uW,1,00:00:56,00:01:27,ws,Wonderlands×Showtime演唱歌曲/收录歌曲,ブリキノダンス,原key,,,,,,,,
41,2020/09/30,スイートマジック,BV1jo4y1m7gg,1,00:01:04,00:01:36,ws,Wonderlands×Showtime演唱歌曲/收录歌曲,スイートマジック,,,,,,,,,
78,2020/09/30,ぼうけんのしょがきえました！,BV1R64y127Tk,1,00:01:01,00:01:31,ws,Wonderlands×Showtime演唱歌曲/收录歌曲,ぼうけんのしょがきえました！,,,,,,,,,
21,2020/10/04,脫法ロック,BV1JtovBgE2S,18,00:00:44,00:01:20,ws,Wonderlands×Showtime演唱歌曲/收录歌曲,脫法ロック,,,,,,,,,
68,2020/10/07,ダンスロボットダンス,BV1dt411X7yS,2,00:00:50,00:01:28,ws,Wonderlands×Showtime演唱歌曲/收录歌曲,ダンスロボットダンス,,,,,,,,,
36,2020/10/13,ミラクルペイント,BV1JtovBgE2S,19,00:00:41,00:01:11,ws,Wonderlands×Showtime演唱歌曲/收录歌曲,ミラクルペイント,,,,,,,,,
88,2021/01/03,チュルリラ・チュルリラ・ダッダッダ！,BV1NT6NBsELG,1,00:00:37,00:01:07,ws,Wonderlands×Showtime演唱歌曲/收录歌曲,チュルリラ・チュルリラ・ダッダッダ！,,,,,,,,,
122,2021/02/19,ポジティブ☆ダンスタイム,BV1FX4y1P7b1,1,00:00:55,00:01:30,ws,Wonderlands×Showtime演唱歌曲/收录歌曲,ポジティブ☆ダンスタイム,原key,,,,,,,,
106,2021/04/05,お気に召すまま,BV1Xh41187KW,1,00:00:53,00:01:37,ws,Wonderlands×Showtime演唱歌曲/收录歌曲,お気に召すまま,,,,,,,,,
138,2021/05/17,KING,BV1rK411A7Ut,1,00:00:40,00:01:10,ws,Wonderlands×Showtime演唱歌曲/收录歌曲,KING,,,,,,,,,
134,2021/10/06,テレキャスタービーボーイ,BV1JtovBgE2S,20,00:00:31,00:01:01,ws,Wonderlands×Showtime演唱歌曲/收录歌曲,テレキャスタービーボーイ,,,,,,,,,
183,2021/12/28,フィクサー,BV13zHHzQEZP,4,00:00:58,00:01:28,ws,Wonderlands×Showtime演唱歌曲/收录歌曲,フィクサー,,,,,,,,,
158,2022/02/24,ナンセンス文学,BV1JtovBgE2S,21,00:00:40,00:01:11,ws,Wonderlands×Showtime演唱歌曲/收录歌曲,ナンセンス文学,,,,,,,,,
174,2022/03/14,いーあるふぁんくらぶ,BV1Uy4y1M7YR,1,00:01:01,00:01:31,ws,Wonderlands×Showtime演唱歌曲/收录歌曲,いーあるふぁんくらぶ,,,,,,,,,
146,2022/05/16,リモコン,BV1GA4y1R7rR,1,00:01:15,00:01:50,ws,Wonderlands×Showtime演唱歌曲/收录歌曲,リモコン,,,,,,,,,
201,2022/05/30,神のまにまに,BV1ELXwBiELj,2,00:00:59,00:01:39,ws,Wonderlands×Showtime演唱歌曲/收录歌曲,神のまにまに,,,,,,,,,
198,2022/06/13,グッバイ宣言,BV1gt4y1173B,2,00:00:34,00:01:13,ws,Wonderlands×Showtime演唱歌曲/收录歌曲,グッバイ宣言,原key,,,,,,,,
246,2022/07/11,エイリアンエイリアン,BV1JtovBgE2S,22,00:00:48,00:01:28,ws,Wonderlands×Showtime演唱歌曲/收录歌曲,エイリアンエイリアン,,,,,,,,,
240,2022/08/08,踊れオーケストラ,BV1JtovBgE2S,23,00:00:52,00:01:32,ws,Wonderlands×Showtime演唱歌曲/收录歌曲,踊れオーケストラ,,,,,,,,,
225,2022/10/06,エゴロック,BV17L41147C6,1,00:00:30,00:01:01,ws,Wonderlands×Showtime演唱歌曲/收录歌曲,エゴロック,原key,,,,,,,,
260,2022/11/14,ラブカ？,BV1wq4y1Z7kB,1,00:00:57,00:01:27,ws,Wonderlands×Showtime演唱歌曲/收录歌曲,ラブカ？,,,,,,,,,
298,2022/12/30,ネトゲ廃人シュプレヒコール,BV1xt411X7wK,2,00:01:13,00:01:47,ws,Wonderlands×Showtime演唱歌曲/收录歌曲,ネトゲ廃人シュプレヒコール,,,,,,,,,
306,2023/02/15,1925,BV16K4y1A7CQ,1,00:00:30,00:01:00,ws,Wonderlands×Showtime演唱歌曲/收录歌曲,1925,原key,,,,,,,,
307,2023/04/17,おこちゃま戦争,BV14txfzbEZg,1,00:00:44,00:01:14,ws,Wonderlands×Showtime演唱歌曲/收录歌曲,おこちゃま戦争,,,,,,,,,
346,2023/06/12,嗚呼、素晴らしきニャン生,BV1JtovBgE2S,24,00:00:33,00:01:03,ws,Wonderlands×Showtime演唱歌曲/收录歌曲,嗚呼、素晴らしきニャン生,,,,,,,,,
360,2023/07/12,太陽系デスコ,BV1Ws41187AT,3,00:00:50,00:01:28,ws,Wonderlands×Showtime演唱歌曲/收录歌曲,太陽系デスコ,原key,,,,,,,,
367,2023/10/08,すきなことだけでいいです,,1,,,ws,Wonderlands×Showtime演唱歌曲/收录歌曲,すきなことだけでいいです,,,,,,,,,
376,2023/10/25,我儘姫,,1,,,ws,Wonderlands×Showtime演唱歌曲/收录歌曲,我儘姫,,,,,,,,,
432,2024/01/01,強風オールバック,BV1ZEx9zFE2U,2,00:00:44,00:01:20,ws,Wonderlands×Showtime演唱歌曲/收录歌曲,強風オールバック,,BV1ZEx9zFE2U,1,,,,,,
436,2024/02/22,古書屋敷殺人事件,BV1MRaWz1E7i,3,00:01:00,00:01:30,ws,Wonderlands×Showtime演唱歌曲/收录歌曲,古書屋敷殺人事件,,,,,,,,,
434,2024/03/25,1000年生きてる,BV1oW2gB6E83,2,00:00:38,00:01:11,ws,Wonderlands×Showtime演唱歌曲/收录歌曲,1000年生きてる,,BV1oW2gB6E83,1,,,,,,
480,2024/05/07,おちゃめ機能,BV1gKovBxEDA,1,00:00:51,00:01:27,ws,Wonderlands×Showtime演唱歌曲/收录歌曲,おちゃめ機能,,,,,,,,,
493,2024/06/10,きょうもハレバレ,BV1MRaWz1EnV,3,00:00:36,00:01:06,ws,Wonderlands×Showtime演唱歌曲/收录歌曲,きょうもハレバレ,,,,,,,,,
506,2024/08/26,QUEEN,BV1bY4y1w7w7,1,00:00:37,00:01:11,ws,Wonderlands×Showtime演唱歌曲/收录歌曲,QUEEN,,,,,,,,,
475,2024/09/02,ちがう!!!,BV1ZLaszcEfb,2,00:01:04,00:01:34,ws,Wonderlands×Showtime演唱歌曲/收录歌曲,ちがう!!!,原key,,,,,,,,
533,2024/10/07,転生林檎,BV1HY4y1x72G,2,00:00:59,00:01:37,ws,Wonderlands×Showtime演唱歌曲/收录歌曲,転生林檎,,,,,,,,,
499,2024/12/29,混沌ブギ,BV1vGGReqE1s,1,00:00:53,00:01:23,ws,Wonderlands×Showtime演唱歌曲/收录歌曲,混沌ブギ,短版,BV1v6o4YSEwt,1,,,BV1v6o4YSEwt,2,,
581,2025/01/14,厨病激発ボーイ,,1,,,ws,Wonderlands×Showtime演唱歌曲/收录歌曲,厨病激発ボーイ,,,,,,,,,
509,2025/03/10,ライアーダンサー,,1,,,ws,Wonderlands×Showtime演唱歌曲/收录歌曲,ライアーダンサー,,,,,,,,,
603,2025/03/24,ドレミファロンド,BV1JGaszPE6r,4,00:00:44,00:01:14,ws,Wonderlands×Showtime演唱歌曲/收录歌曲,ドレミファロンド,,,,,,,,,
625,2025/06/09,このふざけた素晴らしき世界は、僕の為にある,,1,,,ws,Wonderlands×Showtime演唱歌曲/收录歌曲,このふざけた素晴らしき世界は、僕の為にある,,,,,,,,,
664,2025/10/07,人マニア,BV1rP411p7fS,1,00:00:35,00:01:05,ws,Wonderlands×Showtime演唱歌曲/收录歌曲,人マニア,,,,,,,,,
670,2025/12/15,い〜やい〜やい〜や,BV1rVdoBKErs,2,00:00:39,00:01:09,ws,Wonderlands×Showtime演唱歌曲/收录歌曲,い〜やい〜やい〜や,,,,,,,,,
690,2026/01/03,惑星ループ,BV1Ks4y1B7pK,101,00:00:42,00:01:25,ws,Wonderlands×Showtime演唱歌曲/收录歌曲,惑星ループ,,,,,,,,,
19,2020/09/30,シャルル,BV1Tt411d7mt,2,00:00:47,00:01:23,25,25点，Nightcord见。演唱歌曲/收录歌曲,シャルル,原key,,,,,,,,
66,2020/09/30,ハロ／ハワユ,BV1v44y1W7Zh,1,00:01:48,00:02:18,25,25点，Nightcord见。演唱歌曲/收录歌曲,ハロ／ハワユ,,,,,,,,,
67,2020/09/30,自傷無色,BV1JtovBgE2S,25,00:00:48,00:01:29,25,25点，Nightcord见。演唱歌曲/收录歌曲,自傷無色,,BV1bNSCYAELd,1,,,,,,
22,2020/10/05,命に嫌われている,BV1JtovBgE2S,26,00:00:50,00:01:20,25,25点，Nightcord见。演唱歌曲/收录歌曲,命に嫌われている,,BV1JfybYAEFT,1,,,,,,
92,2020/11/01,乙女解剖,BV1JtovBgE2S,27,00:01:00,00:01:37,25,25点，Nightcord见。演唱歌曲/收录歌曲,乙女解剖,,,,,,,,,
74,2020/12/14,独りんぼエンヴィー,BV1JtovBgE2S,28,00:00:40,00:01:10,25,25点，Nightcord见。演唱歌曲/收录歌曲,独りんぼエンヴィー,,,,,,,,,
94,2021/01/05,とても痛い痛がりたい,BV17b411y7PC,1,00:00:40,00:01:10,25,25点，Nightcord见。演唱歌曲/收录歌曲,とても痛い痛がりたい,,,,,,,,,
125,2021/03/06,ボッカデラベリタ,BV1JtovBgE2S,29,00:00:43,00:01:13,25,25点，Nightcord见。演唱歌曲/收录歌曲,ボッカデラベリタ,,,,,,,,,
139,2021/05/01,夜に駆ける,BV1Sk4y127dg,2,00:01:08,00:01:45,25,25点，Nightcord见。演唱歌曲/收录歌曲,夜に駆ける,,,,,,,,,
129,2021/07/28,ビターチョコデコレーション,BV1JtovBgE2S,30,00:00:40,00:01:10,25,25点，Nightcord见。演唱歌曲/收录歌曲,ビターチョコデコレーション,,,,,,,,,
111,2021/09/21,カトラリー,BV1VF4m157Bm,2,00:01:00,00:01:32,25,25点，Nightcord见。演唱歌曲/收录歌曲,カトラリー,,BV1xgSCYfEEN,1,,,,,,
145,2021/10/04,ベノム,BV1Ub411a7aA,2,00:00:46,00:01:16,25,25点，Nightcord见。演唱歌曲/收录歌曲,ベノム,,,,,,,,,
170,2021/12/31,ヴィラン,BV1VH4y1W7BL,2,00:00:37,00:01:19,25,25点，Nightcord见。演唱歌曲/收录歌曲,ヴィラン,,,,,,,,,
204,2022/01/31,うっせぇわ,BV19y4y1673X,1,00:00:40,00:01:16,25,25点，Nightcord见。演唱歌曲/收录歌曲,うっせぇわ,,,,,,,,,
181,2022/02/07,愛して愛して愛して,BV1X34y1y71e,1,00:00:52,00:01:36,25,25点，Nightcord见。演唱歌曲/收录歌曲,愛して愛して愛して,,,,,,,,,
194,2022/05/13,妄想感傷代償連盟,BV1JtovBgE2S,31,00:00:54,00:01:35,25,25点，Nightcord见。演唱歌曲/收录歌曲,妄想感傷代償連盟,,,,,,,,,
218,2022/07/04,メリュー,BV1ms411U7ia,2,00:00:32,00:01:02,25,25点，Nightcord见。演唱歌曲/收录歌曲,メリュー,原key,,,,,,,,
272,2022/09/12,ジェヘナ,BV17w4m1Z7qu,2,00:00:51,00:01:24,25,25点，Nightcord见。演唱歌曲/收录歌曲,ジェヘナ,,BV1DwSCYNEMu,1,,,,,,
277,2022/10/03,フォニイ,BV1JtovBgE2S,32,00:00:53,00:01:28,25,25点，Nightcord见。演唱歌曲/收录歌曲,フォニイ,,BV1cqqnYfEou,1,,,,,,
270,2022/10/28,泥中に咲く,BV1sK421x7vc,2,00:01:45,00:02:25,25,25点，Nightcord见。演唱歌曲/收录歌曲,泥中に咲く,,BV1tKSCYaEeM,1,,,,,,
268,2022/12/05,ノンブレス・オブリージュ,BV1JtovBgE2S,33,00:00:55,00:01:37,25,25点，Nightcord见。演唱歌曲/收录歌曲,ノンブレス・オブリージュ,,,,,,,,,
294,2023/01/03,それがあなたの幸せとしても,BV1A59yBcETx,1,00:00:40,00:01:27,25,25点，Nightcord见。演唱歌曲/收录歌曲,それがあなたの幸せとしても,,,,,,,,,
293,2023/02/13,アイロニ,BV1Gt411v7H3,2,00:01:19,00:01:51,25,25点，Nightcord见。演唱歌曲/收录歌曲,アイロニ,原key,,,,,,,,
352,2023/04/24,命ばっかり,BV1wx411p7ZD,2,00:00:57,00:01:33,25,25点，Nightcord见。演唱歌曲/收录歌曲,命ばっかり,原key,,,,,,,,
340,2023/06/26,とても素敵な六月でした,BV1JtovBgE2S,34,00:01:08,00:01:46,25,25点，Nightcord见。演唱歌曲/收录歌曲,とても素敵な六月でした,,,,,,,,,
358,2023/08/28,心做し,BV1Xs411e7zd,125,00:01:13,00:01:46,25,25点，Nightcord见。演唱歌曲/收录歌曲,心做し,原key,,,,,,,,
385,2023/10/10,神っぽいな,BV1MrrYYJED9,2,00:00:43,00:01:33,25,25点，Nightcord见。演唱歌曲/收录歌曲,神っぽいな,,BV1xFCaYLEt5,1,,,,,,
391,2023/11/22,キュートなカノジョ,BV1jK4y1K7gi,2,00:00:47,00:01:17,25,25点，Nightcord见。演唱歌曲/收录歌曲,キュートなカノジョ,,,,,,,,,
378,2023/12/25,スロウダウナー,BV1jt411y7Fe,2,00:00:59,00:01:29,25,25点，Nightcord见。演唱歌曲/收录歌曲,スロウダウナー,原key,,,,,,,,
402,2024/01/03,エンヴィーベイビー,BV16mmdByEEs,2,00:00:41,00:01:11,25,25点，Nightcord见。演唱歌曲/收录歌曲,エンヴィーベイビー,,,,,,,,,
469,2024/02/29,ラグトレイン,BV1m54y1q7yq,2,00:01:09,00:01:43,25,25点，Nightcord见。演唱歌曲/收录歌曲,ラグトレイン,,,,,,,,,
455,2024/03/04,ド屑,BV1hY4y1V7FP,1,00:00:50,00:01:20,25,25点，Nightcord见。演唱歌曲/收录歌曲,ド屑,,,,,,,,,
451,2024/05/17,熱異常,BV1z4Z8BbEqm,2,00:00:59,00:01:33,25,25点，Nightcord见。演唱歌曲/收录歌曲,熱異常,,BV18kZtB6Ehu,1,,,,,,
473,2024/07/29,マインドブランド,BV1qt411i7AF,2,00:01:04,00:01:41,25,25点，Nightcord见。演唱歌曲/收录歌曲,マインドブランド,原key,,,,,,,,
476,2024/10/09,Shadow Shadow,BV1oS4y1n7CS,1,00:00:19,00:00:51,25,25点，Nightcord见。演唱歌曲/收录歌曲,Shadow Shadow,原key,,,,,,,,
491,2024/11/13,キャットラビング,BV1moqxYnE7o,8,00:00:15,00:00:46,25,25点，Nightcord见。演唱歌曲/收录歌曲,キャットラビング,,BV1rpXXYpEA4,1,,,,,,
556,2025/01/05,サイハテ,BV11q4y1f7yn,1,00:00:49,00:01:26,25,25点，Nightcord见。演唱歌曲/收录歌曲,サイハテ,,,,,,,,,
606,2025/04/14,スーサイドパレヱド,BV15bQJYjEML,1,00:00:39,00:01:09,25,25点，Nightcord见。演唱歌曲/收录歌曲,スーサイドパレヱド,原key,,,,,,,,
510,2025/05/12,失敗作少女,BV1x8PazoEM5,2,00:00:39,00:01:09,25,25点，Nightcord见。演唱歌曲/收录歌曲,失敗作少女,,,,,,,,,
644,2025/07/28,生きる,BV1dt421H7gZ,2,00:00:33,00:01:03,25,25点，Nightcord见。演唱歌曲/收录歌曲,生きる,原key,,,,,,,,
650,2025/09/08,あの夏が飽和する。,,1,,,25,25点，Nightcord见。演唱歌曲/收录歌曲,あの夏が飽和する。,,,,,,,,,
551,2025/10/09,ロストアンブレラ,BV1pxoqBJEqZ,2,00:00:45,00:01:15,25,25点，Nightcord见。演唱歌曲/收录歌曲,ロストアンブレラ,短版,BV1UeApzuEo7,1,,,,,,
698,2026/01/06,鎖の少女-Re Alive-,,1,,,25,25点，Nightcord见。演唱歌曲/收录歌曲,鎖の少女-Re Alive-,,,,,,,,,
680,,Who?,BV1JtovBgE2S,35,00:00:36,00:01:06,25,25点，Nightcord见。演唱歌曲/收录歌曲,Who?,,,,,,,,,
1,2020/09/30,Tell Your World,BV1YiPYzrEMd,2,00:00:45,00:01:29,v,世界计划虚拟歌手演唱歌曲/收录歌曲,Tell Your World,,,,,,,,,
47,2020/09/30,メルト,BV1yvayezEpP,1,00:00:52,00:01:40,v,世界计划虚拟歌手演唱歌曲/收录歌曲,メルト,,,,,,,,,
43,2020/09/30,ネクストネスト,,1,,,v,世界计划虚拟歌手演唱歌曲/收录歌曲,ネクストネスト,,,,,,,,,
49,2020/09/30,初音ミクの消失,,1,,,v,世界计划虚拟歌手演唱歌曲/收录歌曲,初音ミクの消失,,,,,,,,,
50,2020/09/30,Blessing,BV127xTz5Eg2,2,00:00:50,00:01:26,v,世界计划虚拟歌手演唱歌曲/收录歌曲,Blessing,,,,,,,,,
48,2020/10/06,ワールドイズマイン,BV1tm4y14719,1,00:01:16,00:01:56,v,世界计划虚拟歌手演唱歌曲/收录歌曲,ワールドイズマイン,,,,,,,,,
44,2020/10/08,Hand in Hand,BV1fnPJz5Eeb,2,00:01:04,00:01:49,v,世界计划虚拟歌手演唱歌曲/收录歌曲,Hand in Hand,,,,,,,,,
83,2020/10/10,Gimme×Gimme,BV1SQ4y1d71d,1,00:00:35,00:01:05,v,世界计划虚拟歌手演唱歌曲/收录歌曲,Gimme×Gimme,,,,,,,,,
84,2020/10/12,ジャンキーナイトタウンオーケストラ,BV1HJ4114772,2,00:00:45,00:01:15,v,世界计划虚拟歌手演唱歌曲/收录歌曲,ジャンキーナイトタウンオーケストラ,,,,,,,,,
86,2020/10/14,on the rocks,,1,,,v,世界计划虚拟歌手演唱歌曲/收录歌曲,on the rocks,,,,,,,,,
45,2020/10/16,39みゅーじっく！,BV1Ks4y1B7pK,149,00:01:00,00:01:40,v,世界计划虚拟歌手演唱歌曲/收录歌曲,39みゅーじっく！,,,,,,,,,
85,2020/10/19,Leia - Remind,,1,,,v,世界计划虚拟歌手演唱歌曲/收录歌曲,Leia - Remind,,,,,,,,,
113,2020/11/14,ローリンガール,,1,,,v,世界计划虚拟歌手演唱歌曲/收录歌曲,ローリンガール,,,,,,,,,
114,2020/11/21,裏表ラバーズ,,1,,,v,世界计划虚拟歌手演唱歌曲/收录歌曲,裏表ラバーズ,,,,,,,,,
115,2020/11/23,アンノウン・マザーグース,,1,,,v,世界计划虚拟歌手演唱歌曲/收录歌曲,アンノウン・マザーグース,,,,,,,,,
108,2020/11/30,愛されなくても君がいる,,1,,,v,世界计划虚拟歌手演唱歌曲/收录歌曲,愛されなくても君がいる,,,,,,,,,
117,2020/12/24,ODDS&ENDS,,1,,,v,世界计划虚拟歌手演唱歌曲/收录歌曲,ODDS&ENDS,,,,,,,,,
46,2020/12/29,グリーンライツ・セレナーデ,,1,,,v,世界计划虚拟歌手演唱歌曲/收录歌曲,グリーンライツ・セレナーデ,,,,,,,,,
118,2020/12/31,*ハロー、プラネット。,BV1RxLWz2Eno,2,00:01:06,00:01:39,v,世界计划虚拟歌手演唱歌曲/收录歌曲,*ハロー、プラネット。,,,,,,,,,
110,2021/01/01,千本桜,BV1zt411o76P,1,00:00:50,00:01:24,v,世界计划虚拟歌手演唱歌曲/收录歌曲,千本桜,,,,,,,,,
72,2021/01/04,ブレス・ユア・ブレス,,1,,,v,世界计划虚拟歌手演唱歌曲/收录歌曲,ブレス・ユア・ブレス,,,,,,,,,
119,2021/01/14,ワールズエンド・ダンスホール,,1,,,v,世界计划虚拟歌手演唱歌曲/收录歌曲,ワールズエンド・ダンスホール,,,,,,,,,
109,2021/01/18,ヒビカセ,,1,,,v,世界计划虚拟歌手演唱歌曲/收录歌曲,ヒビカセ,,,,,,,,,
124,2021/03/09,みくみくにしてあげる♪【してやんよ】,,1,,,v,世界计划虚拟歌手演唱歌曲/收录歌曲,みくみくにしてあげる♪【してやんよ】,,,,,,,,,
131,2021/03/30,初音ミクの激唱,,1,,,v,世界计划虚拟歌手演唱歌曲/收录歌曲,初音ミクの激唱,,,,,,,,,
179,2021/10/01,炉心融解,BV1Qs41117Pj,1,00:01:03,00:01:33,v,世界计划虚拟歌手演唱歌曲/收录歌曲,炉心融解,原key,,,,,,,,
175,2021/10/05,拝啓ドッペルゲンガー,BV19t411X7qk,2,00:00:49,00:01:20,v,世界计划虚拟歌手演唱歌曲/收录歌曲,拝啓ドッペルゲンガー,,,,,,,,,
150,2021/10/07,トキヲ・ファンカ,BV1Mb411y7Qd,1,00:01:20,00:01:50,v,世界计划虚拟歌手演唱歌曲/收录歌曲,トキヲ・ファンカ,,,,,,,,,
152,2021/10/09,だれかの心臓になれたなら,BV1zt411m7VX,2,00:01:01,00:01:35,v,世界计划虚拟歌手演唱歌曲/收录歌曲,だれかの心臓になれたなら,,,,,,,,,
177,2021/10/11,右肩の蝶,,1,,,v,世界计划虚拟歌手演唱歌曲/收录歌曲,右肩の蝶,,,,,,,,,
186,2021/11/05,初音天地開闢神話,,1,,,v,世界计划虚拟歌手演唱歌曲/收录歌曲,初音天地開闢神話,,,,,,,,,
190,2021/12/13,悪ノ娘,BV1p44y1E7Br,1,00:00:49,00:01:19,v,世界计划虚拟歌手演唱歌曲/收录歌曲,悪ノ娘,,,,,,,,,
191,2021/12/14,悪ノ召使,,1,,,v,世界计划虚拟歌手演唱歌曲/收录歌曲,悪ノ召使,,,,,,,,,
104,2022/01/01,サンドリヨン 10th Anniversary,BV1ShvcePEzf,1,00:01:00,00:01:44,v,世界计划虚拟歌手演唱歌曲/收录歌曲,サンドリヨン 10th Anniversary,,,,,,,,,
206,2022/02/05,君色マリンスノウ,BV1ftNheXEWZ,2,00:00:42,00:01:28,v,世界计划虚拟歌手演唱歌曲/收录歌曲,君色マリンスノウ,,BV1ftNheXEWZ,1,,,,,,
153,2022/03/09,Miku,,1,,,v,世界计划虚拟歌手演唱歌曲/收录歌曲,Miku,,,,,,,,,
221,2022/03/30,マトリョシカ,,1,,,v,世界计划虚拟歌手演唱歌曲/收录歌曲,マトリョシカ,,,,,,,,,
220,2022/03/31,ドーナツホール 2024,BV1HszxBzEdA,1,00:00:55,00:01:25,v,世界计划虚拟歌手演唱歌曲/收录歌曲,ドーナツホール 2024,,,,,,,,,
219,2022/04/01,砂の惑星,BV1yt411S7BP,2,00:00:43,00:01:13,v,世界计划虚拟歌手演唱歌曲/收录歌曲,砂の惑星,,,,,,,,,
216,2022/04/02,ルカルカ★ナイトフィーバー,,1,,,v,世界计划虚拟歌手演唱歌曲/收录歌曲,ルカルカ★ナイトフィーバー,,,,,,,,,
222,2022/04/03,ピアノ×フォルテ×スキャンダル,BV1UT2ZBdEk3,2,00:00:54,00:01:24,v,世界计划虚拟歌手演唱歌曲/收录歌曲,ピアノ×フォルテ×スキャンダル,,BV1UT2ZBdEk3,1,,,,,,
223,2022/04/04,千年の独奏歌,BV1X96fBQETF,2,00:01:04,00:01:42,v,世界计划虚拟歌手演唱歌曲/收录歌曲,千年の独奏歌,,BV1X96fBQETF,1,,,,,,
238,2022/05/10,ブラック★ロックシューター,,1,,,v,世界计划虚拟歌手演唱歌曲/收录歌曲,ブラック★ロックシューター,,,,,,,,,
229,2022/06/30,脳漿炸裂ガール,,1,,,v,世界计划虚拟歌手演唱歌曲/收录歌曲,脳漿炸裂ガール,,,,,,,,,
249,2022/07/01,ぼくらの16bit戦争,,1,,,v,世界计划虚拟歌手演唱歌曲/收录歌曲,ぼくらの16bit戦争,,,,,,,,,
251,2022/07/30,フロイライン＝ビブリォチカ,BV1pQidBQEkD,2,00:00:30,00:01:01,v,世界计划虚拟歌手演唱歌曲/收录歌曲,フロイライン＝ビブリォチカ,,BV1pQidBQEkD,1,,,,,,
273,2022/09/02,フューチャー・イヴ,,1,,,v,世界计划虚拟歌手演唱歌曲/收录歌曲,フューチャー・イヴ,,,,,,,,,
288,2022/10/02,アンハッピーリフレイン,,1,,,v,世界计划虚拟歌手演唱歌曲/收录歌曲,アンハッピーリフレイン,,,,,,,,,
256,2022/10/04,ダブルラリアット,,1,,,v,世界计划虚拟歌手演唱歌曲/收录歌曲,ダブルラリアット,,,,,,,,,
284,2022/10/05,インビジブル,,1,,,v,世界计划虚拟歌手演唱歌曲/收录歌曲,インビジブル,,,,,,,,,
278,2022/10/07,Bad ∞ End ∞ Night,,1,,,v,世界计划虚拟歌手演唱歌曲/收录歌曲,Bad ∞ End ∞ Night,,,,,,,,,
279,2022/10/09,こちら、幸福安心委員会です。,BV1hD4y1C7aV,1,00:01:28,00:02:06,v,世界计划虚拟歌手演唱歌曲/收录歌曲,こちら、幸福安心委員会です。,,,,,,,,,
265,2022/11/04,Change me,BV1zJidBCE4L,2,00:01:09,00:01:53,v,世界计划虚拟歌手演唱歌曲/收录歌曲,Change me,,BV1zJidBCE4L,1,,,,,,
275,2022/11/21,パラジクロロベンゼン,,1,,,v,世界计划虚拟歌手演唱歌曲/收录歌曲,パラジクロロベンゼン,,,,,,,,,
261,2022/11/25,星屑ユートピア,,1,,,v,世界计划虚拟歌手演唱歌曲/收录歌曲,星屑ユートピア,,,,,,,,,
271,2022/11/28,あったかいと,,1,,,v,世界计划虚拟歌手演唱歌曲/收录歌曲,あったかいと,,,,,,,,,
250,2022/12/25,腐れ外道とチョコレゐト,,1,,,v,世界计划虚拟歌手演唱歌曲/收录歌曲,腐れ外道とチョコレゐト,,,,,,,,,
296,2022/12/31,カンタレラ,BV1164y127cJ,1,00:00:26,00:00:56,v,世界计划虚拟歌手演唱歌曲/收录歌曲,カンタレラ,,,,,,,,,
313,2023/01/01,FREELY TOMORROW,BV1zwXEBEEr7,2,00:01:16,00:01:54,v,世界计划虚拟歌手演唱歌曲/收录歌曲,FREELY TOMORROW,,,,,,,,,
303,2023/01/04,リンちゃんなう！,,1,,,v,世界计划虚拟歌手演唱歌曲/收录歌曲,リンちゃんなう！,,,,,,,,,
311,2023/01/10,夜明けと蛍,BV1Nx411q7Eo,59,00:01:34,00:02:04,v,世界计划虚拟歌手演唱歌曲/收录歌曲,夜明けと蛍,原key,,,,,,,,
297,2023/01/23,p.h.,,1,,,v,世界计划虚拟歌手演唱歌曲/收录歌曲,p.h.,,,,,,,,,
228,2023/02/01,Goodbye,,1,,,v,世界计划虚拟歌手演唱歌曲/收录歌曲,Goodbye,,,,,,,,,
327,2023/02/04,SnowMix♪,BV1M9NyeVEh5,2,00:01:20,00:02:06,v,世界计划虚拟歌手演唱歌曲/收录歌曲,SnowMix♪,,BV1M9NyeVEh5,1,,,,,,
247,2023/02/10,Copycat,,1,,,v,世界计划虚拟歌手演唱歌曲/收录歌曲,Copycat,,,,,,,,,
283,2023/02/11,レイニースノードロップ,,1,,,v,世界计划虚拟歌手演唱歌曲/收录歌曲,レイニースノードロップ,,,,,,,,,
312,2023/02/27,ココロ,BV1184y1E7T2,1,00:01:20,00:02:09,v,世界计划虚拟歌手演唱歌曲/收录歌曲,ココロ,,,,,,,,,
305,2023/02/28,ストロボラスト,,1,,,v,世界计划虚拟歌手演唱歌曲/收录歌曲,ストロボラスト,,,,,,,,,
214,2023/03/01,パレットには君がいっぱい,,1,,,v,世界计划虚拟歌手演唱歌曲/收录歌曲,パレットには君がいっぱい,,,,,,,,,
202,2023/03/02,Q,BV1qpt3z5Ewr,2,00:00:47,00:01:25,v,世界计划虚拟歌手演唱歌曲/收录歌曲,Q,,,,,,,,,
331,2023/03/09,39,,1,,,v,世界计划虚拟歌手演唱歌曲/收录歌曲,39,,,,,,,,,
263,2023/03/20,Highlight,BV1VrNyeHEUk,2,00:00:47,00:01:17,v,世界计划虚拟歌手演唱歌曲/收录歌曲,Highlight,,BV1VrNyeHEUk,1,,,,,,
335,2023/03/30,トラッシュ・アンド・トラッシュ！,,1,,,v,世界计划虚拟歌手演唱歌曲/收录歌曲,トラッシュ・アンド・トラッシュ！,,,,,,,,,
334,2023/03/31,Vampire's ∞ pathoS,,1,,,v,世界计划虚拟歌手演唱歌曲/收录歌曲,Vampire's ∞ pathoS,,,,,,,,,
337,2023/04/01,METEOR,,1,,,v,世界计划虚拟歌手演唱歌曲/收录歌曲,METEOR,,,,,,,,,
330,2023/04/02,インタビュア,,1,,,v,世界计划虚拟歌手演唱歌曲/收录歌曲,インタビュア,,,,,,,,,
301,2023/04/03,私の恋はヘルファイア,BV1pNsez5EK6,2,00:00:40,00:01:11,v,世界计划虚拟歌手演唱歌曲/收录歌曲,私の恋はヘルファイア,,BV1pNsez5EK6,1,,,,,,
343,2023/04/04,スノーマン,,1,,,v,世界计划虚拟歌手演唱歌曲/收录歌曲,スノーマン,,,,,,,,,
317,2023/04/10,魔法みたいなミュージック！,,1,,,v,世界计划虚拟歌手演唱歌曲/收录歌曲,魔法みたいなミュージック！,,,,,,,,,
349,2023/05/03,悪食娘コンチータ,,1,,,v,世界计划虚拟歌手演唱歌曲/收录歌曲,悪食娘コンチータ,,,,,,,,,
350,2023/05/04,眠らせ姫からの贈り物,,1,,,v,世界计划虚拟歌手演唱歌曲/收录歌曲,眠らせ姫からの贈り物,,,,,,,,,
347,2023/05/05,円尾坂の仕立屋,,1,,,v,世界计划虚拟歌手演唱歌曲/收录歌曲,円尾坂の仕立屋,,,,,,,,,
348,2023/05/06,悪徳のジャッジメント,,1,,,v,世界计划虚拟歌手演唱歌曲/收录歌曲,悪徳のジャッジメント,,,,,,,,,
318,2023/05/12,Sharing The World,,1,,,v,世界计划虚拟歌手演唱歌曲/收录歌曲,Sharing The World,,,,,,,,,
342,2023/05/26,Blue Star,,1,,,v,世界计划虚拟歌手演唱歌曲/收录歌曲,Blue Star,,,,,,,,,
362,2023/06/07,Wonder Style,,1,,,v,世界计划虚拟歌手演唱歌曲/收录歌曲,Wonder Style,,,,,,,,,
363,2023/06/28,UNDERWATER,,1,,,v,世界计划虚拟歌手演唱歌曲/收录歌曲,UNDERWATER,,,,,,,,,
309,2023/07/07,Afterglow,BV1V44y1Y7P8,1,00:02:36,00:03:06,v,世界计划虚拟歌手演唱歌曲/收录歌曲,Afterglow,,,,,,,,,
319,2023/07/28,Decade,BV1N6gCz3Emi,2,00:00:59,00:01:37,v,世界计划虚拟歌手演唱歌曲/收录歌曲,Decade,,BV1N6gCz3Emi,1,,,,,,
357,2023/08/31,ブループラネット,,1,,,v,世界计划虚拟歌手演唱歌曲/收录歌曲,ブループラネット,,,,,,,,,
414,2023/09/01,HERO,,1,,,v,世界计划虚拟歌手演唱歌曲/收录歌曲,HERO,,,,,,,,,
415,2023/09/25,ラッキー☆オーブ,,1,,,v,世界计划虚拟歌手演唱歌曲/收录歌曲,ラッキー☆オーブ,,,,,,,,,
401,2023/10/03,まにまに,BV1w34y1a78M,2,00:02:15,00:02:51,v,世界计划虚拟歌手演唱歌曲/收录歌曲,まにまに,,,,,,,,,
325,2023/10/05,豚になってyeah yeah,,1,,,v,世界计划虚拟歌手演唱歌曲/收录歌曲,豚になってyeah yeah,,,,,,,,,
412,2023/10/07,デビルじゃないもん,,1,,,v,世界计划虚拟歌手演唱歌曲/收录歌曲,デビルじゃないもん,,,,,,,,,
403,2023/10/09,番凩,BV1jiqVBdEtU,1,00:02:42,00:03:19,v,世界计划虚拟歌手演唱歌曲/收录歌曲,番凩,,,,,,,,,
390,2023/10/11,Dear,,1,,,v,世界计划虚拟歌手演唱歌曲/收录歌曲,Dear,,,,,,,,,
341,2023/12/18,難聴系男子が倒せない,BV1rfkCY6E22,2,00:00:58,00:01:34,v,世界计划虚拟歌手演唱歌曲/收录歌曲,難聴系男子が倒せない,,,,,,,,,
439,2023/12/31,一千光年,BV1jEhTzGEho,2,00:00:47,00:01:24,v,世界计划虚拟歌手演唱歌曲/收录歌曲,一千光年,,,,,,,,,
433,2024/01/02,ヒアソビ,,1,,,v,世界计划虚拟歌手演唱歌曲/收录歌曲,ヒアソビ,,,,,,,,,
430,2024/01/04,『んっあっあっ。』,BV1b94y1o7R6,1,00:00:38,00:01:08,v,世界计划虚拟歌手演唱歌曲/收录歌曲,『んっあっあっ。』,,,,,,,,,
463,2024/02/10,ハッピーチートデー,BV1iYNheJEFm,2,00:00:42,00:01:12,v,世界计划虚拟歌手演唱歌曲/收录歌曲,ハッピーチートデー,,BV1iYNheJEFm,1,,,,,,
470,2024/03/09,ハジメテノオト,BV1pV411E7Gr,1,00:01:15,00:02:04,v,世界计划虚拟歌手演唱歌曲/收录歌曲,ハジメテノオト,,,,,,,,,
454,2024/03/30,えれくとりっく・えんじぇぅ,,1,,,v,世界计划虚拟歌手演唱歌曲/收录歌曲,えれくとりっく・えんじぇぅ,,,,,,,,,
462,2024/03/31,レッドランドマーカー,,1,,,v,世界计划虚拟歌手演唱歌曲/收录歌曲,レッドランドマーカー,,,,,,,,,
467,2024/04/02,あいのうた,,1,,,v,世界计划虚拟歌手演唱歌曲/收录歌曲,あいのうた,,,,,,,,,
466,2024/04/03,ガーネットの涙,BV1Wb4y1x79p,2,00:01:02,00:01:40,v,世界计划虚拟歌手演唱歌曲/收录歌曲,ガーネットの涙,,,,,,,,,
485,2024/04/04,だんだん早くなる,BV1kFRgBvEk4,2,00:00:33,00:01:03,v,世界计划虚拟歌手演唱歌曲/收录歌曲,だんだん早くなる,,,,,,,,,
525,2024/08/30,アンテナ39,BV16gCoYyEXz,2,00:00:51,00:01:39,v,世界计划虚拟歌手演唱歌曲/收录歌曲,アンテナ39,,BV16gCoYyEXz,1,,,,,,
529,2024/09/13,カルチャ,,1,,,v,世界计划虚拟歌手演唱歌曲/收录歌曲,カルチャ,,,,,,,,,
531,2024/10/02,メズマライザー,BV1R5GReNEcm,1,00:00:37,00:01:09,v,世界计划虚拟歌手演唱歌曲/收录歌曲,メズマライザー,,,,,,,,,
541,2024/10/04,メインキャラクター,,1,,,v,世界计划虚拟歌手演唱歌曲/收录歌曲,メインキャラクター,,,,,,,,,
523,2024/10/06,きみとぼくのレゾナンス,,1,,,v,世界计划虚拟歌手演唱歌曲/收录歌曲,きみとぼくのレゾナンス,,,,,,,,,
542,2024/10/08,Blackjack,,1,,,v,世界计划虚拟歌手演唱歌曲/收录歌曲,Blackjack,,,,,,,,,
518,2024/12/02,みかぼし,BV1krzZYBELk,2,00:01:23,00:02:16,v,世界计划虚拟歌手演唱歌曲/收录歌曲,みかぼし,,BV1krzZYBELk,1,,,,,,
562,2024/12/30,アンヘル,,1,,,v,世界计划虚拟歌手演唱歌曲/收录歌曲,アンヘル,,,,,,,,,
561,2024/12/31,プロトディスコ,,1,,,v,世界计划虚拟歌手演唱歌曲/收录歌曲,プロトディスコ,,,,,,,,,
558,2025/01/04,のだ,,1,,,v,世界计划虚拟歌手演唱歌曲/收录歌曲,のだ,,,,,,,,,
566,2025/01/22,パンダヒーロー,,1,,,v,世界计划虚拟歌手演唱歌曲/收录歌曲,パンダヒーロー,,,,,,,,,
567,2025/01/23,結ンデ開イテ羅刹ト骸,,1,,,v,世界计划虚拟歌手演唱歌曲/收录歌曲,結ンデ開イテ羅刹ト骸,,,,,,,,,
593,2025/02/08,クリスタルスノウ,BV1zkNNe7EcM,2,00:01:00,00:01:46,v,世界计划虚拟歌手演唱歌曲/收录歌曲,クリスタルスノウ,,BV1zkNNe7EcM,1,,,,,,
604,2025/03/09,Packaged,,1,,,v,世界计划虚拟歌手演唱歌曲/收录歌曲,Packaged,,,,,,,,,
594,2025/03/31,Call!!,,1,,,v,世界计划虚拟歌手演唱歌曲/收录歌曲,Call!!,,,,,,,,,
591,2025/04/02,吉原ラメント 再来盤,,1,,,v,世界计划虚拟歌手演唱歌曲/收录歌曲,吉原ラメント 再来盤,,,,,,,,,
590,2025/04/03,マンハッタン,,1,,,v,世界计划虚拟歌手演唱歌曲/收录歌曲,マンハッタン,,,,,,,,,
592,2025/04/04,クイーンオブハート,,1,,,v,世界计划虚拟歌手演唱歌曲/收录歌曲,クイーンオブハート,,,,,,,,,
589,2025/04/05,バレリーコ,,1,,,v,世界计划虚拟歌手演唱歌曲/收录歌曲,バレリーコ,,,,,,,,,
619,2025/05/23,Connecting,BV1Ks4y1B7pK,17,00:00:47,00:01:27,v,世界计划虚拟歌手演唱歌曲/收录歌曲,Connecting,,,,,,,,,
627,2025/06/02,テトリス,BV1NYUfYKEgt,2,00:00:33,00:01:03,v,世界计划虚拟歌手演唱歌曲/收录歌曲,テトリス,,BV1NYUfYKEgt,1,,,,,,
628,2025/06/16,モニタリング,BV1VfzGY8Ewm,2,00:00:39,00:01:24,v,世界计划虚拟歌手演唱歌曲/收录歌曲,モニタリング,,,,,,,,,
552,2025/07/01,M@GICAL☆CURE! LOVE♥SHOT!,BV1vFK6zTEZw,2,00:00:44,00:01:22,v,世界计划虚拟歌手演唱歌曲/收录歌曲,M@GICAL☆CURE! LOVE♥SHOT!,,BV1vFK6zTEZw,1,,,,,,
387,2025/07/02,Hello Builder,,1,,,v,世界计划虚拟歌手演唱歌曲/收录歌曲,Hello Builder,,,,,,,,,
420,2025/07/03,imaginary love story,,1,,,v,世界计划虚拟歌手演唱歌曲/收录歌曲,imaginary love story,,,,,,,,,
464,2025/07/04,Intergalactic Bound,,1,,,v,世界计划虚拟歌手演唱歌曲/收录歌曲,Intergalactic Bound,,,,,,,,,
654,2025/08/29,ラストラス,BV16mapzhEHY,1,00:00:58,00:01:45,v,世界计划虚拟歌手演唱歌曲/收录歌曲,ラストラス,,,,,,,,,
666,2025/10/02,少女A,BV1gu411e7A1,2,00:01:00,00:01:44,v,世界计划虚拟歌手演唱歌曲/收录歌曲,少女A,,,,,,,,,
663,2025/10/04,ヴィーナス,,1,,,v,世界计划虚拟歌手演唱歌曲/收录歌曲,ヴィーナス,,,,,,,,,
669,2025/10/06,げんてん,,1,,,v,世界计划虚拟歌手演唱歌曲/收录歌曲,げんてん,,,,,,,,,
667,2025/10/08,㋰責任集合体,BV1ENScYAEvF,2,00:01:10,00:01:44,v,世界计划虚拟歌手演唱歌曲/收录歌曲,㋰責任集合体,,,,,,,,,
651,2025/10/10,ホワイトハッピー,,1,,,v,世界计划虚拟歌手演唱歌曲/收录歌曲,ホワイトハッピー,,,,,,,,,
652,2025/10/14,カレシのジュード,,1,,,v,世界计划虚拟歌手演唱歌曲/收录歌曲,カレシのジュード,,,,,,,,,
653,2025/10/15,パメラ,,1,,,v,世界计划虚拟歌手演唱歌曲/收录歌曲,パメラ,,,,,,,,,
584,2025/11/22,IMAWANOKIWA,,1,,,v,世界计划虚拟歌手演唱歌曲/收录歌曲,IMAWANOKIWA,,,,,,,,,
692,2025/12/30,ぼかろころしあむ,,1,,,v,世界计划虚拟歌手演唱歌曲/收录歌曲,ぼかろころしあむ,,,,,,,,,
658,2026/01/02,上弦の月,BV16b411N7JZ,2,00:00:43,00:01:15,v,世界计划虚拟歌手演唱歌曲/收录歌曲,上弦の月,,,,,,,,,
704,2026/01/04,黒塗り世界宛て書簡,,1,,,v,世界计划虚拟歌手演唱歌曲/收录歌曲,黒塗り世界宛て書簡,,,,,,,,,
611,2026/01/31,好き！雪！本気マジック,,1,,,v,世界计划虚拟歌手演唱歌曲/收录歌曲,好き！雪！本気マジック,,,,,,,,,
612,2026/02/01,Snow Fairy Story,BV1uNB7BxE8N,3,00:01:13,00:01:55,v,世界计划虚拟歌手演唱歌曲/收录歌曲,Snow Fairy Story,,,,,,,,,
613,2026/02/02,雪がとける前に,,1,,,v,世界计划虚拟歌手演唱歌曲/收录歌曲,雪がとける前に,,,,,,,,,
614,2026/02/03,スターナイトスノウ,,1,,,v,世界计划虚拟歌手演唱歌曲/收录歌曲,スターナイトスノウ,,,,,,,,,
615,2026/02/04,四角い地球を丸くする,,1,,,v,世界计划虚拟歌手演唱歌曲/收录歌曲,四角い地球を丸くする,,,,,,,,,
616,2026/02/05,アイ,,1,,,v,世界计划虚拟歌手演唱歌曲/收录歌曲,アイ,,,,,,,,,
617,2026/02/06,ぽかぽかの星,,1,,,v,世界计划虚拟歌手演唱歌曲/收录歌曲,ぽかぽかの星,,,,,,,,,
618,2026/02/07,Fondant Step,,1,,,v,世界计划虚拟歌手演唱歌曲/收录歌曲,Fondant Step,,,,,,,,,
719,2026/02/08,SHIAWASE FOR YOU!,BV14J6mBjEXY,2,00:00:45,00:01:23,v,世界计划虚拟歌手演唱歌曲/收录歌曲,SHIAWASE FOR YOU!,,BV14J6mBjEXY,1,,,,,,
724,2026/02/16,ハオ,,1,,,v,世界计划虚拟歌手演唱歌曲/收录歌曲,ハオ,,,,,,,,,
699,2026/03/09,Catch the Wave,,1,,,v,世界计划虚拟歌手演唱歌曲/收录歌曲,Catch the Wave,,,,,,,,,
722,2026/03/31,ダイダイダイダイダイキライ,BV13hXxYAE8e,1,00:00:40,00:01:18,v,世界计划虚拟歌手演唱歌曲/收录歌曲,ダイダイダイダイダイキライ,,BV13EZ8YxEDp,1,,,,,,
711,2026/04/02,ワンダーラスト,,1,,,v,世界计划虚拟歌手演唱歌曲/收录歌曲,ワンダーラスト,,,,,,,,,
721,2026/04/03,あいしていたのに,,1,,,v,世界计划虚拟歌手演唱歌曲/收录歌曲,あいしていたのに,,,,,,,,,
714,2026/04/04,フロイライン＝オジョウサマ,,1,,,v,世界计划虚拟歌手演唱歌曲/收录歌曲,フロイライン＝オジョウサマ,,,,,,,,,
713,2026/04/05,Nyanyanyanyanyanyanya!,,1,,,v,世界计划虚拟歌手演唱歌曲/收录歌曲,Nyanyanyanyanyanyanya!,,,,,,,,,
727,2026/04/06,T氏の話を信じるな,,1,,,v,世界计划虚拟歌手演唱歌曲/收录歌曲,T氏の話を信じるな,,,,,,,,,
162,2022/01/08,エンドマークに希望と涙を添えて,,1,,,other,世界计划其他歌曲,エンドマークに希望と涙を添えて,,,,,,,,,
163,2022/01/09,the EmpErroR,,1,,,other,世界计划其他歌曲,the EmpErroR,,,,,,,,,
164,2022/01/10,Don't Fight The Music,,1,,,other,世界计划其他歌曲,Don't Fight The Music,,,,,,,,,
447,2024/01/11,folern,,1,,,other,世界计划其他歌曲,folern,,,,,,,,,
448,2024/01/18,Sage,,1,,,other,世界计划其他歌曲,Sage,,,,,,,,,
449,2024/01/25,MarbleBlue.,,1,,,other,世界计划其他歌曲,MarbleBlue.,,,,,,,,,
503,2024/05/03,超最終鬼畜妹フランドール・Ｓ,,1,,,other,世界计划其他歌曲,超最終鬼畜妹フランドール・Ｓ,,,,,,,,,
501,2024/05/04,Bad Apple!! feat.SEKAI,BV1eAdpYvE8S,1,00:00:59,00:01:54,25,世界计划其他歌曲,Bad Apple!! feat.SEKAI,,,,,,,,,
502,2024/05/05,"Help me, ERINNNNNN!!",,1,,,v,世界计划其他歌曲,"Help me, ERINNNNNN!!",,,,,,,,,
536,2025/03/02,Fire◎Flower (Rerec),,1,,,vbs,世界计划其他歌曲,Fire◎Flower (Rerec),,,,,,,,,
624,2025/05/03,チルノのパーフェクトさんすう学園,,1,,,v,世界计划其他歌曲,チルノのパーフェクトさんすう学園,,,,,,,,,
623,2025/05/04,とうほう☆ワンダーランド,BV1wHWszUEPP,2,00:00:53,00:01:29,ws,世界计划其他歌曲,とうほう☆ワンダーランド,,,,,,,,,
622,2025/05/05,超ナイト・オブ・ナイツ,,1,,,other,世界计划其他歌曲,超ナイト・オブ・ナイツ,,,,,,,,,
648,2025/08/04,Life Will Change,,1,,,v,世界计划其他歌曲,Life Will Change,,,,,,,,,
685,2025/12/06,電光刹歌,,1,,,v,世界计划其他歌曲,電光刹歌,,,,,,,,,
688,2025/12/07,ウィーアーピコピコハンマーズ!!!!,,1,,,v,世界计划其他歌曲,ウィーアーピコピコハンマーズ!!!!,,,,,,,,,
687,2025/12/08,ジェットブラック,,1,,,v,世界计划其他歌曲,ジェットブラック,,,,,,,,,
686,2025/12/09,トレジャーガーデン,,1,,,v,世界计划其他歌曲,トレジャーガーデン,,,,,,,,,
689,2025/12/10,最愛人生ランナー,BV1vohUz4EUT,2,00:00:37,00:01:07,v,世界计划其他歌曲,最愛人生ランナー,,,,,,,,,
703,2026/03/14,バイオレンストリガー,,1,,,vbs,世界计划其他歌曲,バイオレンストリガー,,,,,,,,,
723,2026/03/15,ラヴィ,,1,,,25,世界计划其他歌曲,ラヴィ,,,,,,,,,
726,2026/03/16,アルカリレットウセイ,,1,,,v,世界计划其他歌曲,アルカリレットウセイ,,,,,,,,,
707,2026/02/21-2026/04/21,さいたま2000,,1,,,other,世界计划其他歌曲,さいたま2000,,,,,,,,,
709,2026/02/22-2026/04/21,初音ミクの消失−劇場版−,,1,,,v,世界计划其他歌曲,初音ミクの消失−劇場版−,,,,,,,,,
708,2026/02/23-2026/04/21,幽玄ノ乱,,1,,,other,世界计划其他歌曲,幽玄ノ乱,,,,,,,,,
371,2023/07/26,sweety glitch,,1,,,v,世界计划其他服务器独占歌曲,sweety glitch,,,,,,,,,
419,2023/10/26,Unsung Melodies,,1,,,v,世界计划其他服务器独占歌曲,Unsung Melodies,,,,,,,,,
453,2023/12/26,Ten Thousand Stars,,1,,,v,世界计划其他服务器独占歌曲,Ten Thousand Stars,,,,,,,,,
459,2024/02/29,Can't Make A Song!!,,1,,,v,世界计划其他服务器独占歌曲,Can't Make A Song!!,,,,,,,,,
694,2025/11/29,Artifact,,1,,,v,世界计划其他服务器独占歌曲,Artifact,,,,,,,,,
11012,2026/02/18,前ノハナシ,,1,,,v,世界计划其他服务器独占歌曲,前ノハナシ,,,,,,,,,
11013,2026/03/30,ヒマン＝ヒダイ焦燥曲,,1,,,v,世界计划其他服务器独占歌曲,ヒマン＝ヒダイ焦燥曲,,,,,,,,,
11015,2026/04/04,买买买,,1,,,v,世界计划其他服务器独占歌曲,买买买,,,,,,,,,
479,2024/03/28,MikuFiesta,,1,,,v,世界计划其他服务器独占歌曲,MikuFiesta,,,,,,,,,
528,2024/08/01,Thousand Little Voices,,1,,,v,世界计划其他服务器独占歌曲,Thousand Little Voices,,,,,,,,,
535,2024/09/01,Plaything,,1,,,v,世界计划其他服务器独占歌曲,Plaything,,,,,,,,,
514,2024/09/26,FAKE HEART,BV1t2zpYEEHQ,2,00:00:35,00:01:10,v,世界计划其他服务器独占歌曲,FAKE HEART,,BV1t2zpYEEHQ,1,,,,,,
568,2024/11/28,Just 1dB Louder,,1,,,v,世界计划其他服务器独占歌曲,Just 1dB Louder,,,,,,,,,
563,2024/12/26,NAKAKAPAGPABAGABAG,,1,,,v,世界计划其他服务器独占歌曲,NAKAKAPAGPABAGABAG,,,,,,,,,
599,2025/02/07,Karma,BV1fcNNeLEs1,2,00:00:45,00:01:15,v,世界计划其他服务器独占歌曲,Karma,,BV1fcNNeLEs1,1,,,,,,
598,2025/02/15,Last of Me,,1,,,v,世界计划其他服务器独占歌曲,Last of Me,,,,,,,,,
602,2025/02/18,ELECTRIC WEEKEND ZONE,,1,,,v,世界计划其他服务器独占歌曲,ELECTRIC WEEKEND ZONE,,,,,,,,,
609,2025/06/08,Sad Machine,,1,,,v,世界计划其他服务器独占歌曲,Sad Machine,,,,,,,,,
640,2025/07/25,MONSTER,,1,,,v,世界计划其他服务器独占歌曲,MONSTER,,,,,,,,,
673,2025/09/25,New Worlds,,1,,,v,世界计划其他服务器独占歌曲,New Worlds,,,,,,,,,
657,2025/10/25,i DO what i WANT,,1,,,v,世界计划其他服务器独占歌曲,i DO what i WANT,,,,,,,,,
701,2025/12/07,Chu! Future☆Express!,,1,,,v,世界计划其他服务器独占歌曲,Chu! Future☆Express!,,,,,,,,,
725,2026/04/01,shrimp miku,,1,,,v,世界计划其他服务器独占歌曲,shrimp miku,,,,,,,,,
10001,2024/01/06,장산범,,1,,,v,世界计划其他服务器独占歌曲,장산범,,,,,,,,,
10002,2024/02/08,Alone,,1,,,v,世界计划其他服务器独占歌曲,Alone,,,,,,,,,
10004,2025/05/23,벚꽃비,,1,,,v,世界计划其他服务器独占歌曲,벚꽃비,,,,,,,,,
10003,2025/05/24,각개전투,,1,,,v,世界计划其他服务器独占歌曲,각개전투,,,,,,,,,
10005,2025/05/25,별빛 세레나데,,1,,,v,世界计划其他服务器独占歌曲,별빛 세레나데,,,,,,,,,
10006,2025/07/25,비밀 인형극 II,,1,,,v,世界计划其他服务器独占歌曲,비밀 인형극 II,,,,,,,,,
10007,2025/08/15,Carpe Diem!,,1,,,v,世界计划其他服务器独占歌曲,Carpe Diem!,,,,,,,,,
10008,2025/08/29,둔갑,,1,,,v,世界计划其他服务器独占歌曲,둔갑,,,,,,,,,
11008,2025/03/27,一样,,1,,,v,世界计划其他服务器独占歌曲,一样,,,,,,,,,
11004,2025/03/28,初岚,,1,,,v,世界计划其他服务器独占歌曲,初岚,,,,,,,,,
11006,2025/03/29,镜中少女,,1,,,v,世界计划其他服务器独占歌曲,镜中少女,,,,,,,,,
11001,2025/03/30,Pick Me Up,,1,,,v,世界计划其他服务器独占歌曲,Pick Me Up,,,,,,,,,
11003,2025/03/31,踏步、出发,,1,,,v,世界计划其他服务器独占歌曲,踏步、出发,,,,,,,,,
11002,2025/04/01,My Stage With You,,1,,,v,世界计划其他服务器独占歌曲,My Stage With You,,,,,,,,,
11005,2025/04/02,We Leave The World Together,,1,,,v,世界计划其他服务器独占歌曲,We Leave The World Together,,,,,,,,,
11007,2025/04/03,梦色星球,,1,,,v,世界计划其他服务器独占歌曲,梦色星球,,,,,,,,,
11009,2025/07/01,低彩度记事,,1,,,v,世界计划其他服务器独占歌曲,低彩度记事,,,,,,,,,
11017,2026/03/27,Hype Dive,,1,,,v,世界计划其他服务器独占歌曲,Hype Dive,,,,,,,,,
11010,2026/03/28,越过海岸线,,1,,,v,世界计划其他服务器独占歌曲,越过海岸线,,,,,,,,,
11014,2026/03/29,月西江·春雷,,1,,,v,世界计划其他服务器独占歌曲,月西江·春雷,,,,,,,,,
11016,,Mag1c,,1,,,v,,,,,,,,,,,
241,2022/05/23,アサガオの散る頃に,BV1igQGBREZo,3,00:00:37,00:01:12,ln,Leo/need演唱歌曲/收录歌曲,アサガオの散る頃に,,BV1bj2rB1EEG,1,,,,,,
290,2022/10/21,どんな結末がお望みだい？,BV1KiySYBEHn,27,00:00:42,00:01:34,ws,Wonderlands×Showtime演唱歌曲/原创歌曲,どんな結末がお望みだい？,,,,,,,,,
